-- MySQL dump 10.13  Distrib 5.7.25, for Linux (x86_64)
--
-- Host: localhost    Database: RAILWAY_MANAGEMENT
-- ------------------------------------------------------
-- Server version	5.7.25-0ubuntu0.16.04.2

/*!40101 SET @OLD_CHARACTER_SET_CLIENT=@@CHARACTER_SET_CLIENT */;
/*!40101 SET @OLD_CHARACTER_SET_RESULTS=@@CHARACTER_SET_RESULTS */;
/*!40101 SET @OLD_COLLATION_CONNECTION=@@COLLATION_CONNECTION */;
/*!40101 SET NAMES utf8 */;
/*!40103 SET @OLD_TIME_ZONE=@@TIME_ZONE */;
/*!40103 SET TIME_ZONE='+00:00' */;
/*!40014 SET @OLD_UNIQUE_CHECKS=@@UNIQUE_CHECKS, UNIQUE_CHECKS=0 */;
/*!40014 SET @OLD_FOREIGN_KEY_CHECKS=@@FOREIGN_KEY_CHECKS, FOREIGN_KEY_CHECKS=0 */;
/*!40101 SET @OLD_SQL_MODE=@@SQL_MODE, SQL_MODE='NO_AUTO_VALUE_ON_ZERO' */;
/*!40111 SET @OLD_SQL_NOTES=@@SQL_NOTES, SQL_NOTES=0 */;

--
-- Table structure for table `ALL_POSSIBLE_PATHS`
--

DROP TABLE IF EXISTS `ALL_POSSIBLE_PATHS`;
/*!40101 SET @saved_cs_client     = @@character_set_client */;
/*!40101 SET character_set_client = utf8 */;
CREATE TABLE `ALL_POSSIBLE_PATHS` (
  `Station_no_1` int(11) NOT NULL,
  `Station_no_2` int(11) NOT NULL,
  PRIMARY KEY (`Station_no_2`,`Station_no_1`),
  KEY `Station_no_1` (`Station_no_1`),
  CONSTRAINT `ALL_POSSIBLE_PATHS_ibfk_1` FOREIGN KEY (`Station_no_1`) REFERENCES `STATIONS` (`Station_no`) ON DELETE CASCADE ON UPDATE CASCADE,
  CONSTRAINT `ALL_POSSIBLE_PATHS_ibfk_2` FOREIGN KEY (`Station_no_2`) REFERENCES `STATIONS` (`Station_no`) ON DELETE CASCADE ON UPDATE CASCADE
) ENGINE=InnoDB DEFAULT CHARSET=latin1;
/*!40101 SET character_set_client = @saved_cs_client */;

--
-- Dumping data for table `ALL_POSSIBLE_PATHS`
--

LOCK TABLES `ALL_POSSIBLE_PATHS` WRITE;
/*!40000 ALTER TABLE `ALL_POSSIBLE_PATHS` DISABLE KEYS */;
INSERT INTO `ALL_POSSIBLE_PATHS` VALUES (1,2),(1,3),(1,4),(2,3),(2,4),(3,4);
/*!40000 ALTER TABLE `ALL_POSSIBLE_PATHS` ENABLE KEYS */;
UNLOCK TABLES;

--
-- Table structure for table `BOOKING`
--

DROP TABLE IF EXISTS `BOOKING`;
/*!40101 SET @saved_cs_client     = @@character_set_client */;
/*!40101 SET character_set_client = utf8 */;
CREATE TABLE `BOOKING` (
  `PNR_no` int(11) NOT NULL,
  `Username` varchar(30) DEFAULT NULL,
  `Name` varchar(30) DEFAULT NULL,
  `Age` int(11) DEFAULT NULL,
  `DOB` date DEFAULT NULL,
  `Gender` varchar(10) DEFAULT NULL,
  `Insurance_AV` int(11) DEFAULT NULL,
  `Train_no` int(11) DEFAULT NULL,
  `Coach_Type` varchar(10) DEFAULT NULL,
  `Source_station` varchar(10) DEFAULT NULL,
  `Destination_station` varchar(10) DEFAULT NULL,
  `Boarding_Date` date DEFAULT NULL,
  `Booking_Status` varchar(10) DEFAULT NULL,
  PRIMARY KEY (`PNR_no`),
  KEY `Coach_Type` (`Coach_Type`),
  KEY `Train_no` (`Train_no`),
  CONSTRAINT `BOOKING_ibfk_1` FOREIGN KEY (`Coach_Type`) REFERENCES `COACH_DETAILS` (`Coach_Type`) ON DELETE CASCADE ON UPDATE CASCADE,
  CONSTRAINT `BOOKING_ibfk_2` FOREIGN KEY (`Train_no`) REFERENCES `TRAIN_INFO` (`Train_no`) ON DELETE CASCADE ON UPDATE CASCADE
) ENGINE=InnoDB DEFAULT CHARSET=latin1;
/*!40101 SET character_set_client = @saved_cs_client */;

--
-- Dumping data for table `BOOKING`
--

LOCK TABLES `BOOKING` WRITE;
/*!40000 ALTER TABLE `BOOKING` DISABLE KEYS */;
INSERT INTO `BOOKING` VALUES (1,'raghavgg','Raghav',21,'1997-12-25','Male',1,12003,'CC','CNB','NDLS','2019-04-23','CNF'),(2,'raghavgg','Raghav',21,'1997-12-25','Male',1,12003,'CC','CNB','NDLS','2019-04-23','WL');
/*!40000 ALTER TABLE `BOOKING` ENABLE KEYS */;
UNLOCK TABLES;

--
-- Table structure for table `COACH_DETAILS`
--

DROP TABLE IF EXISTS `COACH_DETAILS`;
/*!40101 SET @saved_cs_client     = @@character_set_client */;
/*!40101 SET character_set_client = utf8 */;
CREATE TABLE `COACH_DETAILS` (
  `Coach_Type` varchar(10) NOT NULL,
  `AC` tinyint(1) DEFAULT NULL,
  `Nature_of_coach` varchar(10) DEFAULT NULL,
  `Layout_no` int(11) DEFAULT NULL,
  `Total_available_seats` int(11) DEFAULT NULL,
  PRIMARY KEY (`Coach_Type`)
) ENGINE=InnoDB DEFAULT CHARSET=latin1;
/*!40101 SET character_set_client = @saved_cs_client */;

--
-- Dumping data for table `COACH_DETAILS`
--

LOCK TABLES `COACH_DETAILS` WRITE;
/*!40000 ALTER TABLE `COACH_DETAILS` DISABLE KEYS */;
INSERT INTO `COACH_DETAILS` VALUES ('1AC',1,'Sleeper',5,1),('2AC',1,'Sleeper',4,1),('2S',0,'Seater',1,1),('3AC',1,'Sleeper',3,1),('CC',1,'Seater',1,1),('EC',1,'Seater',2,1),('GN',0,'Sleeper',3,1),('Goods',0,'Goods',6,0),('Pantry',0,'Pantry',6,0),('SL',0,'Sleeper',3,1);
/*!40000 ALTER TABLE `COACH_DETAILS` ENABLE KEYS */;
UNLOCK TABLES;

--
-- Table structure for table `EMPLOYEE`
--

DROP TABLE IF EXISTS `EMPLOYEE`;
/*!40101 SET @saved_cs_client     = @@character_set_client */;
/*!40101 SET character_set_client = utf8 */;
CREATE TABLE `EMPLOYEE` (
  `Emp_id` int(11) NOT NULL,
  `Designation` varchar(25) DEFAULT NULL,
  `Name` varchar(25) DEFAULT NULL,
  `Age` int(11) DEFAULT NULL,
  `Gender` varchar(5) DEFAULT NULL,
  PRIMARY KEY (`Emp_id`)
) ENGINE=InnoDB DEFAULT CHARSET=latin1;
/*!40101 SET character_set_client = @saved_cs_client */;

--
-- Dumping data for table `EMPLOYEE`
--

LOCK TABLES `EMPLOYEE` WRITE;
/*!40000 ALTER TABLE `EMPLOYEE` DISABLE KEYS */;
/*!40000 ALTER TABLE `EMPLOYEE` ENABLE KEYS */;
UNLOCK TABLES;

--
-- Table structure for table `OVERALL_WAITING`
--

DROP TABLE IF EXISTS `OVERALL_WAITING`;
/*!40101 SET @saved_cs_client     = @@character_set_client */;
/*!40101 SET character_set_client = utf8 */;
CREATE TABLE `OVERALL_WAITING` (
  `PNR_no` int(11) DEFAULT NULL,
  `Train_no` int(11) NOT NULL,
  `Dates` date NOT NULL,
  `Coach_Type` varchar(10) NOT NULL,
  `WL_no` int(11) NOT NULL,
  PRIMARY KEY (`Train_no`,`Dates`,`Coach_Type`,`WL_no`),
  KEY `Coach_Type` (`Coach_Type`),
  KEY `PNR_no` (`PNR_no`),
  CONSTRAINT `OVERALL_WAITING_ibfk_1` FOREIGN KEY (`Coach_Type`) REFERENCES `COACH_DETAILS` (`Coach_Type`) ON DELETE CASCADE ON UPDATE CASCADE,
  CONSTRAINT `OVERALL_WAITING_ibfk_2` FOREIGN KEY (`Train_no`) REFERENCES `TRAIN_INFO` (`Train_no`) ON DELETE CASCADE ON UPDATE CASCADE,
  CONSTRAINT `OVERALL_WAITING_ibfk_3` FOREIGN KEY (`PNR_no`) REFERENCES `BOOKING` (`PNR_no`) ON DELETE CASCADE ON UPDATE CASCADE
) ENGINE=InnoDB DEFAULT CHARSET=latin1;
/*!40101 SET character_set_client = @saved_cs_client */;

--
-- Dumping data for table `OVERALL_WAITING`
--

LOCK TABLES `OVERALL_WAITING` WRITE;
/*!40000 ALTER TABLE `OVERALL_WAITING` DISABLE KEYS */;
INSERT INTO `OVERALL_WAITING` VALUES (2,12003,'2019-04-23','CC',1);
/*!40000 ALTER TABLE `OVERALL_WAITING` ENABLE KEYS */;
UNLOCK TABLES;

--
-- Table structure for table `RAILWAY_PATH`
--

DROP TABLE IF EXISTS `RAILWAY_PATH`;
/*!40101 SET @saved_cs_client     = @@character_set_client */;
/*!40101 SET character_set_client = utf8 */;
CREATE TABLE `RAILWAY_PATH` (
  `Train_no` int(11) NOT NULL,
  `Station_no` int(11) NOT NULL,
  `previous_station_no` int(11) DEFAULT NULL,
  `Distance` int(11) DEFAULT NULL,
  `Sequence_number` int(11) DEFAULT NULL,
  `Arrival_time` time DEFAULT NULL,
  `Departure_time` time DEFAULT NULL,
  `Day_offset` int(11) DEFAULT NULL,
  PRIMARY KEY (`Train_no`,`Station_no`),
  KEY `Station_no` (`Station_no`),
  KEY `previous_station_no` (`previous_station_no`),
  CONSTRAINT `RAILWAY_PATH_ibfk_1` FOREIGN KEY (`Station_no`) REFERENCES `STATIONS` (`Station_no`) ON DELETE CASCADE ON UPDATE CASCADE,
  CONSTRAINT `RAILWAY_PATH_ibfk_2` FOREIGN KEY (`previous_station_no`) REFERENCES `STATIONS` (`Station_no`) ON DELETE CASCADE ON UPDATE CASCADE,
  CONSTRAINT `RAILWAY_PATH_ibfk_3` FOREIGN KEY (`Train_no`) REFERENCES `TRAIN_INFO` (`Train_no`) ON DELETE CASCADE ON UPDATE CASCADE
) ENGINE=InnoDB DEFAULT CHARSET=latin1;
/*!40101 SET character_set_client = @saved_cs_client */;

--
-- Dumping data for table `RAILWAY_PATH`
--

LOCK TABLES `RAILWAY_PATH` WRITE;
/*!40000 ALTER TABLE `RAILWAY_PATH` DISABLE KEYS */;
INSERT INTO `RAILWAY_PATH` VALUES (12003,1,2,500,4,'12:30:00','12:30:00',0),(12003,2,3,450,3,'11:20:00','11:25:00',0),(12003,3,4,100,2,'06:48:00','06:55:00',0),(12003,4,NULL,0,1,'06:30:00','06:30:00',0),(12004,1,NULL,0,1,'06:30:00','06:30:00',0),(12004,2,1,100,2,'06:48:00','06:55:00',0),(12004,3,2,450,3,'11:20:00','11:25:00',0),(12004,4,3,500,4,'12:30:00','12:30:00',0),(12034,1,3,450,2,'08:50:00','08:50:00',0),(12034,3,NULL,0,1,'04:50:00','04:50:00',0);
/*!40000 ALTER TABLE `RAILWAY_PATH` ENABLE KEYS */;
UNLOCK TABLES;
/*!50003 SET @saved_cs_client      = @@character_set_client */ ;
/*!50003 SET @saved_cs_results     = @@character_set_results */ ;
/*!50003 SET @saved_col_connection = @@collation_connection */ ;
/*!50003 SET character_set_client  = utf8 */ ;
/*!50003 SET character_set_results = utf8 */ ;
/*!50003 SET collation_connection  = utf8_general_ci */ ;
/*!50003 SET @saved_sql_mode       = @@sql_mode */ ;
/*!50003 SET sql_mode              = 'NO_AUTO_VALUE_ON_ZERO' */ ;
DELIMITER ;;
/*!50003 CREATE*/ /*!50017 DEFINER=`dbms`@`localhost`*/ /*!50003 TRIGGER railway_graph_check BEFORE INSERT ON RAILWAY_PATH
FOR EACH ROW BEGIN
IF (NEW.previous_station_no IS NOT NULL) AND (SELECT A.Station_no_1 from ALL_POSSIBLE_PATHS as A  where  (A.Station_no_1=NEW.Station_no and A.Station_no_2 = NEW.previous_station_no) OR (A.Station_no_2=NEW.Station_no and A.Station_no_1 = NEW.previous_station_no)) IS NULL THEN
SET NEW.Train_no=NULL;
SET NEW.Station_no=NULL;
END IF;
END */;;
DELIMITER ;
/*!50003 SET sql_mode              = @saved_sql_mode */ ;
/*!50003 SET character_set_client  = @saved_cs_client */ ;
/*!50003 SET character_set_results = @saved_cs_results */ ;
/*!50003 SET collation_connection  = @saved_col_connection */ ;

--
-- Table structure for table `STATIONS`
--

DROP TABLE IF EXISTS `STATIONS`;
/*!40101 SET @saved_cs_client     = @@character_set_client */;
/*!40101 SET character_set_client = utf8 */;
CREATE TABLE `STATIONS` (
  `Station_no` int(11) NOT NULL,
  `Station_name` varchar(30) DEFAULT NULL,
  `City` varchar(30) DEFAULT NULL,
  `Station_master` varchar(30) DEFAULT NULL,
  `no_of_platforms` int(11) DEFAULT NULL,
  PRIMARY KEY (`Station_no`)
) ENGINE=InnoDB DEFAULT CHARSET=latin1;
/*!40101 SET character_set_client = @saved_cs_client */;

--
-- Dumping data for table `STATIONS`
--

LOCK TABLES `STATIONS` WRITE;
/*!40000 ALTER TABLE `STATIONS` DISABLE KEYS */;
INSERT INTO `STATIONS` VALUES (1,'NDLS','Delhi','siddharth',12),(2,'GZB','Ghaziabad','raghav',12),(3,'CNB','Kanpur','chandani',10),(4,'LJN','Lucknow','yash',12);
/*!40000 ALTER TABLE `STATIONS` ENABLE KEYS */;
UNLOCK TABLES;

--
-- Table structure for table `STATION_EMPLOYEE`
--

DROP TABLE IF EXISTS `STATION_EMPLOYEE`;
/*!40101 SET @saved_cs_client     = @@character_set_client */;
/*!40101 SET character_set_client = utf8 */;
CREATE TABLE `STATION_EMPLOYEE` (
  `Emp_id` int(11) NOT NULL,
  `Station_no` int(11) DEFAULT NULL,
  PRIMARY KEY (`Emp_id`),
  KEY `Station_no` (`Station_no`),
  CONSTRAINT `STATION_EMPLOYEE_ibfk_1` FOREIGN KEY (`Station_no`) REFERENCES `STATIONS` (`Station_no`) ON DELETE CASCADE ON UPDATE CASCADE,
  CONSTRAINT `STATION_EMPLOYEE_ibfk_2` FOREIGN KEY (`Emp_id`) REFERENCES `EMPLOYEE` (`Emp_id`) ON DELETE CASCADE ON UPDATE CASCADE
) ENGINE=InnoDB DEFAULT CHARSET=latin1;
/*!40101 SET character_set_client = @saved_cs_client */;

--
-- Dumping data for table `STATION_EMPLOYEE`
--

LOCK TABLES `STATION_EMPLOYEE` WRITE;
/*!40000 ALTER TABLE `STATION_EMPLOYEE` DISABLE KEYS */;
/*!40000 ALTER TABLE `STATION_EMPLOYEE` ENABLE KEYS */;
UNLOCK TABLES;

--
-- Table structure for table `TICKET_AVAILABLITY`
--

DROP TABLE IF EXISTS `TICKET_AVAILABLITY`;
/*!40101 SET @saved_cs_client     = @@character_set_client */;
/*!40101 SET character_set_client = utf8 */;
CREATE TABLE `TICKET_AVAILABLITY` (
  `Train_no` int(11) NOT NULL,
  `Date` date NOT NULL,
  `Coach_Type` varchar(10) NOT NULL,
  `Station_no` int(11) NOT NULL,
  `Total_available_seats` int(11) DEFAULT NULL,
  PRIMARY KEY (`Train_no`,`Date`,`Coach_Type`,`Station_no`),
  KEY `Station_no` (`Station_no`),
  KEY `Coach_Type` (`Coach_Type`),
  CONSTRAINT `TICKET_AVAILABLITY_ibfk_1` FOREIGN KEY (`Train_no`) REFERENCES `TRAIN_INFO` (`Train_no`) ON DELETE CASCADE ON UPDATE CASCADE,
  CONSTRAINT `TICKET_AVAILABLITY_ibfk_2` FOREIGN KEY (`Station_no`) REFERENCES `STATIONS` (`Station_no`) ON DELETE CASCADE ON UPDATE CASCADE,
  CONSTRAINT `TICKET_AVAILABLITY_ibfk_3` FOREIGN KEY (`Coach_Type`) REFERENCES `COACH_DETAILS` (`Coach_Type`) ON DELETE CASCADE ON UPDATE CASCADE
) ENGINE=InnoDB DEFAULT CHARSET=latin1;
/*!40101 SET character_set_client = @saved_cs_client */;

--
-- Dumping data for table `TICKET_AVAILABLITY`
--

LOCK TABLES `TICKET_AVAILABLITY` WRITE;
/*!40000 ALTER TABLE `TICKET_AVAILABLITY` DISABLE KEYS */;
INSERT INTO `TICKET_AVAILABLITY` VALUES (12003,'2019-04-18','CC',1,1),(12003,'2019-04-18','CC',2,1),(12003,'2019-04-18','CC',3,1),(12003,'2019-04-18','CC',4,1),(12003,'2019-04-18','EC',1,1),(12003,'2019-04-18','EC',2,1),(12003,'2019-04-18','EC',3,1),(12003,'2019-04-18','EC',4,1),(12003,'2019-04-19','CC',1,1),(12003,'2019-04-19','CC',2,1),(12003,'2019-04-19','CC',3,1),(12003,'2019-04-19','CC',4,1),(12003,'2019-04-19','EC',1,1),(12003,'2019-04-19','EC',2,1),(12003,'2019-04-19','EC',3,1),(12003,'2019-04-19','EC',4,1),(12003,'2019-04-20','CC',1,1),(12003,'2019-04-20','CC',2,1),(12003,'2019-04-20','CC',3,1),(12003,'2019-04-20','CC',4,1),(12003,'2019-04-20','EC',1,1),(12003,'2019-04-20','EC',2,1),(12003,'2019-04-20','EC',3,1),(12003,'2019-04-20','EC',4,1),(12003,'2019-04-21','CC',1,1),(12003,'2019-04-21','CC',2,1),(12003,'2019-04-21','CC',3,1),(12003,'2019-04-21','CC',4,1),(12003,'2019-04-21','EC',1,1),(12003,'2019-04-21','EC',2,1),(12003,'2019-04-21','EC',3,1),(12003,'2019-04-21','EC',4,1),(12003,'2019-04-22','CC',1,1),(12003,'2019-04-22','CC',2,1),(12003,'2019-04-22','CC',3,1),(12003,'2019-04-22','CC',4,1),(12003,'2019-04-22','EC',1,1),(12003,'2019-04-22','EC',2,1),(12003,'2019-04-22','EC',3,1),(12003,'2019-04-22','EC',4,1),(12003,'2019-04-23','CC',1,1),(12003,'2019-04-23','CC',2,0),(12003,'2019-04-23','CC',3,0),(12003,'2019-04-23','CC',4,1),(12003,'2019-04-23','EC',1,1),(12003,'2019-04-23','EC',2,1),(12003,'2019-04-23','EC',3,1),(12003,'2019-04-23','EC',4,1),(12003,'2019-04-25','CC',1,1),(12003,'2019-04-25','CC',2,1),(12003,'2019-04-25','CC',3,1),(12003,'2019-04-25','CC',4,1),(12003,'2019-04-25','EC',1,1),(12003,'2019-04-25','EC',2,1),(12003,'2019-04-25','EC',3,1),(12003,'2019-04-25','EC',4,1),(12003,'2019-04-26','CC',1,1),(12003,'2019-04-26','CC',2,1),(12003,'2019-04-26','CC',3,1),(12003,'2019-04-26','CC',4,1),(12003,'2019-04-26','EC',1,1),(12003,'2019-04-26','EC',2,1),(12003,'2019-04-26','EC',3,1),(12003,'2019-04-26','EC',4,1),(12003,'2019-04-27','CC',1,1),(12003,'2019-04-27','CC',2,1),(12003,'2019-04-27','CC',3,1),(12003,'2019-04-27','CC',4,1),(12003,'2019-04-27','EC',1,1),(12003,'2019-04-27','EC',2,1),(12003,'2019-04-27','EC',3,1),(12003,'2019-04-27','EC',4,1),(12003,'2019-04-28','CC',1,1),(12003,'2019-04-28','CC',2,1),(12003,'2019-04-28','CC',3,1),(12003,'2019-04-28','CC',4,1),(12003,'2019-04-28','EC',1,1),(12003,'2019-04-28','EC',2,1),(12003,'2019-04-28','EC',3,1),(12003,'2019-04-28','EC',4,1),(12003,'2019-04-29','CC',1,1),(12003,'2019-04-29','CC',2,1),(12003,'2019-04-29','CC',3,1),(12003,'2019-04-29','CC',4,1),(12003,'2019-04-29','EC',1,1),(12003,'2019-04-29','EC',2,1),(12003,'2019-04-29','EC',3,1),(12003,'2019-04-29','EC',4,1),(12003,'2019-04-30','CC',1,1),(12003,'2019-04-30','CC',2,1),(12003,'2019-04-30','CC',3,1),(12003,'2019-04-30','CC',4,1),(12003,'2019-04-30','EC',1,1),(12003,'2019-04-30','EC',2,1),(12003,'2019-04-30','EC',3,1),(12003,'2019-04-30','EC',4,1),(12003,'2019-05-02','CC',1,1),(12003,'2019-05-02','CC',2,1),(12003,'2019-05-02','CC',3,1),(12003,'2019-05-02','CC',4,1),(12003,'2019-05-02','EC',1,1),(12003,'2019-05-02','EC',2,1),(12003,'2019-05-02','EC',3,1),(12003,'2019-05-02','EC',4,1),(12003,'2019-05-03','CC',1,1),(12003,'2019-05-03','CC',2,1),(12003,'2019-05-03','CC',3,1),(12003,'2019-05-03','CC',4,1),(12003,'2019-05-03','EC',1,1),(12003,'2019-05-03','EC',2,1),(12003,'2019-05-03','EC',3,1),(12003,'2019-05-03','EC',4,1),(12003,'2019-05-04','CC',1,1),(12003,'2019-05-04','CC',2,1),(12003,'2019-05-04','CC',3,1),(12003,'2019-05-04','CC',4,1),(12003,'2019-05-04','EC',1,1),(12003,'2019-05-04','EC',2,1),(12003,'2019-05-04','EC',3,1),(12003,'2019-05-04','EC',4,1),(12003,'2019-05-05','CC',1,1),(12003,'2019-05-05','CC',2,1),(12003,'2019-05-05','CC',3,1),(12003,'2019-05-05','CC',4,1),(12003,'2019-05-05','EC',1,1),(12003,'2019-05-05','EC',2,1),(12003,'2019-05-05','EC',3,1),(12003,'2019-05-05','EC',4,1),(12003,'2019-05-06','CC',1,1),(12003,'2019-05-06','CC',2,1),(12003,'2019-05-06','CC',3,1),(12003,'2019-05-06','CC',4,1),(12003,'2019-05-06','EC',1,1),(12003,'2019-05-06','EC',2,1),(12003,'2019-05-06','EC',3,1),(12003,'2019-05-06','EC',4,1),(12003,'2019-05-07','CC',1,1),(12003,'2019-05-07','CC',2,1),(12003,'2019-05-07','CC',3,1),(12003,'2019-05-07','CC',4,1),(12003,'2019-05-07','EC',1,1),(12003,'2019-05-07','EC',2,1),(12003,'2019-05-07','EC',3,1),(12003,'2019-05-07','EC',4,1),(12003,'2019-05-09','CC',1,1),(12003,'2019-05-09','CC',2,1),(12003,'2019-05-09','CC',3,1),(12003,'2019-05-09','CC',4,1),(12003,'2019-05-09','EC',1,1),(12003,'2019-05-09','EC',2,1),(12003,'2019-05-09','EC',3,1),(12003,'2019-05-09','EC',4,1),(12003,'2019-05-10','CC',1,1),(12003,'2019-05-10','CC',2,1),(12003,'2019-05-10','CC',3,1),(12003,'2019-05-10','CC',4,1),(12003,'2019-05-10','EC',1,1),(12003,'2019-05-10','EC',2,1),(12003,'2019-05-10','EC',3,1),(12003,'2019-05-10','EC',4,1),(12003,'2019-05-11','CC',1,1),(12003,'2019-05-11','CC',2,1),(12003,'2019-05-11','CC',3,1),(12003,'2019-05-11','CC',4,1),(12003,'2019-05-11','EC',1,1),(12003,'2019-05-11','EC',2,1),(12003,'2019-05-11','EC',3,1),(12003,'2019-05-11','EC',4,1),(12003,'2019-05-12','CC',1,1),(12003,'2019-05-12','CC',2,1),(12003,'2019-05-12','CC',3,1),(12003,'2019-05-12','CC',4,1),(12003,'2019-05-12','EC',1,1),(12003,'2019-05-12','EC',2,1),(12003,'2019-05-12','EC',3,1),(12003,'2019-05-12','EC',4,1),(12003,'2019-05-13','CC',1,1),(12003,'2019-05-13','CC',2,1),(12003,'2019-05-13','CC',3,1),(12003,'2019-05-13','CC',4,1),(12003,'2019-05-13','EC',1,1),(12003,'2019-05-13','EC',2,1),(12003,'2019-05-13','EC',3,1),(12003,'2019-05-13','EC',4,1),(12003,'2019-05-14','CC',1,1),(12003,'2019-05-14','CC',2,1),(12003,'2019-05-14','CC',3,1),(12003,'2019-05-14','CC',4,1),(12003,'2019-05-14','EC',1,1),(12003,'2019-05-14','EC',2,1),(12003,'2019-05-14','EC',3,1),(12003,'2019-05-14','EC',4,1),(12003,'2019-05-16','CC',1,1),(12003,'2019-05-16','CC',2,1),(12003,'2019-05-16','CC',3,1),(12003,'2019-05-16','CC',4,1),(12003,'2019-05-16','EC',1,1),(12003,'2019-05-16','EC',2,1),(12003,'2019-05-16','EC',3,1),(12003,'2019-05-16','EC',4,1),(12003,'2019-05-17','CC',1,1),(12003,'2019-05-17','CC',2,1),(12003,'2019-05-17','CC',3,1),(12003,'2019-05-17','CC',4,1),(12003,'2019-05-17','EC',1,1),(12003,'2019-05-17','EC',2,1),(12003,'2019-05-17','EC',3,1),(12003,'2019-05-17','EC',4,1),(12003,'2019-05-18','CC',1,1),(12003,'2019-05-18','CC',2,1),(12003,'2019-05-18','CC',3,1),(12003,'2019-05-18','CC',4,1),(12003,'2019-05-18','EC',1,1),(12003,'2019-05-18','EC',2,1),(12003,'2019-05-18','EC',3,1),(12003,'2019-05-18','EC',4,1),(12003,'2019-05-19','CC',1,1),(12003,'2019-05-19','CC',2,1),(12003,'2019-05-19','CC',3,1),(12003,'2019-05-19','CC',4,1),(12003,'2019-05-19','EC',1,1),(12003,'2019-05-19','EC',2,1),(12003,'2019-05-19','EC',3,1),(12003,'2019-05-19','EC',4,1),(12003,'2019-05-20','CC',1,1),(12003,'2019-05-20','CC',2,1),(12003,'2019-05-20','CC',3,1),(12003,'2019-05-20','CC',4,1),(12003,'2019-05-20','EC',1,1),(12003,'2019-05-20','EC',2,1),(12003,'2019-05-20','EC',3,1),(12003,'2019-05-20','EC',4,1),(12003,'2019-05-21','CC',1,1),(12003,'2019-05-21','CC',2,1),(12003,'2019-05-21','CC',3,1),(12003,'2019-05-21','CC',4,1),(12003,'2019-05-21','EC',1,1),(12003,'2019-05-21','EC',2,1),(12003,'2019-05-21','EC',3,1),(12003,'2019-05-21','EC',4,1),(12003,'2019-05-23','CC',1,1),(12003,'2019-05-23','CC',2,1),(12003,'2019-05-23','CC',3,1),(12003,'2019-05-23','CC',4,1),(12003,'2019-05-23','EC',1,1),(12003,'2019-05-23','EC',2,1),(12003,'2019-05-23','EC',3,1),(12003,'2019-05-23','EC',4,1),(12003,'2019-05-24','CC',1,1),(12003,'2019-05-24','CC',2,1),(12003,'2019-05-24','CC',3,1),(12003,'2019-05-24','CC',4,1),(12003,'2019-05-24','EC',1,1),(12003,'2019-05-24','EC',2,1),(12003,'2019-05-24','EC',3,1),(12003,'2019-05-24','EC',4,1),(12003,'2019-05-25','CC',1,1),(12003,'2019-05-25','CC',2,1),(12003,'2019-05-25','CC',3,1),(12003,'2019-05-25','CC',4,1),(12003,'2019-05-25','EC',1,1),(12003,'2019-05-25','EC',2,1),(12003,'2019-05-25','EC',3,1),(12003,'2019-05-25','EC',4,1),(12003,'2019-05-26','CC',1,1),(12003,'2019-05-26','CC',2,1),(12003,'2019-05-26','CC',3,1),(12003,'2019-05-26','CC',4,1),(12003,'2019-05-26','EC',1,1),(12003,'2019-05-26','EC',2,1),(12003,'2019-05-26','EC',3,1),(12003,'2019-05-26','EC',4,1),(12003,'2019-05-27','CC',1,1),(12003,'2019-05-27','CC',2,1),(12003,'2019-05-27','CC',3,1),(12003,'2019-05-27','CC',4,1),(12003,'2019-05-27','EC',1,1),(12003,'2019-05-27','EC',2,1),(12003,'2019-05-27','EC',3,1),(12003,'2019-05-27','EC',4,1),(12003,'2019-05-28','CC',1,1),(12003,'2019-05-28','CC',2,1),(12003,'2019-05-28','CC',3,1),(12003,'2019-05-28','CC',4,1),(12003,'2019-05-28','EC',1,1),(12003,'2019-05-28','EC',2,1),(12003,'2019-05-28','EC',3,1),(12003,'2019-05-28','EC',4,1),(12003,'2019-05-30','CC',1,1),(12003,'2019-05-30','CC',2,1),(12003,'2019-05-30','CC',3,1),(12003,'2019-05-30','CC',4,1),(12003,'2019-05-30','EC',1,1),(12003,'2019-05-30','EC',2,1),(12003,'2019-05-30','EC',3,1),(12003,'2019-05-30','EC',4,1),(12003,'2019-05-31','CC',1,1),(12003,'2019-05-31','CC',2,1),(12003,'2019-05-31','CC',3,1),(12003,'2019-05-31','CC',4,1),(12003,'2019-05-31','EC',1,1),(12003,'2019-05-31','EC',2,1),(12003,'2019-05-31','EC',3,1),(12003,'2019-05-31','EC',4,1),(12003,'2019-06-01','CC',1,1),(12003,'2019-06-01','CC',2,1),(12003,'2019-06-01','CC',3,1),(12003,'2019-06-01','CC',4,1),(12003,'2019-06-01','EC',1,1),(12003,'2019-06-01','EC',2,1),(12003,'2019-06-01','EC',3,1),(12003,'2019-06-01','EC',4,1),(12003,'2019-06-02','CC',1,1),(12003,'2019-06-02','CC',2,1),(12003,'2019-06-02','CC',3,1),(12003,'2019-06-02','CC',4,1),(12003,'2019-06-02','EC',1,1),(12003,'2019-06-02','EC',2,1),(12003,'2019-06-02','EC',3,1),(12003,'2019-06-02','EC',4,1),(12003,'2019-06-03','CC',1,1),(12003,'2019-06-03','CC',2,1),(12003,'2019-06-03','CC',3,1),(12003,'2019-06-03','CC',4,1),(12003,'2019-06-03','EC',1,1),(12003,'2019-06-03','EC',2,1),(12003,'2019-06-03','EC',3,1),(12003,'2019-06-03','EC',4,1),(12003,'2019-06-04','CC',1,1),(12003,'2019-06-04','CC',2,1),(12003,'2019-06-04','CC',3,1),(12003,'2019-06-04','CC',4,1),(12003,'2019-06-04','EC',1,1),(12003,'2019-06-04','EC',2,1),(12003,'2019-06-04','EC',3,1),(12003,'2019-06-04','EC',4,1),(12003,'2019-06-06','CC',1,1),(12003,'2019-06-06','CC',2,1),(12003,'2019-06-06','CC',3,1),(12003,'2019-06-06','CC',4,1),(12003,'2019-06-06','EC',1,1),(12003,'2019-06-06','EC',2,1),(12003,'2019-06-06','EC',3,1),(12003,'2019-06-06','EC',4,1),(12003,'2019-06-07','CC',1,1),(12003,'2019-06-07','CC',2,1),(12003,'2019-06-07','CC',3,1),(12003,'2019-06-07','CC',4,1),(12003,'2019-06-07','EC',1,1),(12003,'2019-06-07','EC',2,1),(12003,'2019-06-07','EC',3,1),(12003,'2019-06-07','EC',4,1),(12003,'2019-06-08','CC',1,1),(12003,'2019-06-08','CC',2,1),(12003,'2019-06-08','CC',3,1),(12003,'2019-06-08','CC',4,1),(12003,'2019-06-08','EC',1,1),(12003,'2019-06-08','EC',2,1),(12003,'2019-06-08','EC',3,1),(12003,'2019-06-08','EC',4,1),(12003,'2019-06-09','CC',1,1),(12003,'2019-06-09','CC',2,1),(12003,'2019-06-09','CC',3,1),(12003,'2019-06-09','CC',4,1),(12003,'2019-06-09','EC',1,1),(12003,'2019-06-09','EC',2,1),(12003,'2019-06-09','EC',3,1),(12003,'2019-06-09','EC',4,1),(12003,'2019-06-10','CC',1,1),(12003,'2019-06-10','CC',2,1),(12003,'2019-06-10','CC',3,1),(12003,'2019-06-10','CC',4,1),(12003,'2019-06-10','EC',1,1),(12003,'2019-06-10','EC',2,1),(12003,'2019-06-10','EC',3,1),(12003,'2019-06-10','EC',4,1),(12003,'2019-06-11','CC',1,1),(12003,'2019-06-11','CC',2,1),(12003,'2019-06-11','CC',3,1),(12003,'2019-06-11','CC',4,1),(12003,'2019-06-11','EC',1,1),(12003,'2019-06-11','EC',2,1),(12003,'2019-06-11','EC',3,1),(12003,'2019-06-11','EC',4,1),(12003,'2019-06-13','CC',1,1),(12003,'2019-06-13','CC',2,1),(12003,'2019-06-13','CC',3,1),(12003,'2019-06-13','CC',4,1),(12003,'2019-06-13','EC',1,1),(12003,'2019-06-13','EC',2,1),(12003,'2019-06-13','EC',3,1),(12003,'2019-06-13','EC',4,1),(12003,'2019-06-14','CC',1,1),(12003,'2019-06-14','CC',2,1),(12003,'2019-06-14','CC',3,1),(12003,'2019-06-14','CC',4,1),(12003,'2019-06-14','EC',1,1),(12003,'2019-06-14','EC',2,1),(12003,'2019-06-14','EC',3,1),(12003,'2019-06-14','EC',4,1),(12003,'2019-06-15','CC',1,1),(12003,'2019-06-15','CC',2,1),(12003,'2019-06-15','CC',3,1),(12003,'2019-06-15','CC',4,1),(12003,'2019-06-15','EC',1,1),(12003,'2019-06-15','EC',2,1),(12003,'2019-06-15','EC',3,1),(12003,'2019-06-15','EC',4,1),(12003,'2019-06-16','CC',1,1),(12003,'2019-06-16','CC',2,1),(12003,'2019-06-16','CC',3,1),(12003,'2019-06-16','CC',4,1),(12003,'2019-06-16','EC',1,1),(12003,'2019-06-16','EC',2,1),(12003,'2019-06-16','EC',3,1),(12003,'2019-06-16','EC',4,1),(12003,'2019-06-17','CC',1,1),(12003,'2019-06-17','CC',2,1),(12003,'2019-06-17','CC',3,1),(12003,'2019-06-17','CC',4,1),(12003,'2019-06-17','EC',1,1),(12003,'2019-06-17','EC',2,1),(12003,'2019-06-17','EC',3,1),(12003,'2019-06-17','EC',4,1),(12003,'2019-06-18','CC',1,1),(12003,'2019-06-18','CC',2,1),(12003,'2019-06-18','CC',3,1),(12003,'2019-06-18','CC',4,1),(12003,'2019-06-18','EC',1,1),(12003,'2019-06-18','EC',2,1),(12003,'2019-06-18','EC',3,1),(12003,'2019-06-18','EC',4,1),(12003,'2019-06-20','CC',1,1),(12003,'2019-06-20','CC',2,1),(12003,'2019-06-20','CC',3,1),(12003,'2019-06-20','CC',4,1),(12003,'2019-06-20','EC',1,1),(12003,'2019-06-20','EC',2,1),(12003,'2019-06-20','EC',3,1),(12003,'2019-06-20','EC',4,1),(12003,'2019-06-21','CC',1,1),(12003,'2019-06-21','CC',2,1),(12003,'2019-06-21','CC',3,1),(12003,'2019-06-21','CC',4,1),(12003,'2019-06-21','EC',1,1),(12003,'2019-06-21','EC',2,1),(12003,'2019-06-21','EC',3,1),(12003,'2019-06-21','EC',4,1),(12003,'2019-06-22','CC',1,1),(12003,'2019-06-22','CC',2,1),(12003,'2019-06-22','CC',3,1),(12003,'2019-06-22','CC',4,1),(12003,'2019-06-22','EC',1,1),(12003,'2019-06-22','EC',2,1),(12003,'2019-06-22','EC',3,1),(12003,'2019-06-22','EC',4,1),(12003,'2019-06-23','CC',1,1),(12003,'2019-06-23','CC',2,1),(12003,'2019-06-23','CC',3,1),(12003,'2019-06-23','CC',4,1),(12003,'2019-06-23','EC',1,1),(12003,'2019-06-23','EC',2,1),(12003,'2019-06-23','EC',3,1),(12003,'2019-06-23','EC',4,1),(12003,'2019-06-24','CC',1,1),(12003,'2019-06-24','CC',2,1),(12003,'2019-06-24','CC',3,1),(12003,'2019-06-24','CC',4,1),(12003,'2019-06-24','EC',1,1),(12003,'2019-06-24','EC',2,1),(12003,'2019-06-24','EC',3,1),(12003,'2019-06-24','EC',4,1),(12003,'2019-06-25','CC',1,1),(12003,'2019-06-25','CC',2,1),(12003,'2019-06-25','CC',3,1),(12003,'2019-06-25','CC',4,1),(12003,'2019-06-25','EC',1,1),(12003,'2019-06-25','EC',2,1),(12003,'2019-06-25','EC',3,1),(12003,'2019-06-25','EC',4,1),(12003,'2019-06-27','CC',1,1),(12003,'2019-06-27','CC',2,1),(12003,'2019-06-27','CC',3,1),(12003,'2019-06-27','CC',4,1),(12003,'2019-06-27','EC',1,1),(12003,'2019-06-27','EC',2,1),(12003,'2019-06-27','EC',3,1),(12003,'2019-06-27','EC',4,1),(12003,'2019-06-28','CC',1,1),(12003,'2019-06-28','CC',2,1),(12003,'2019-06-28','CC',3,1),(12003,'2019-06-28','CC',4,1),(12003,'2019-06-28','EC',1,1),(12003,'2019-06-28','EC',2,1),(12003,'2019-06-28','EC',3,1),(12003,'2019-06-28','EC',4,1),(12003,'2019-06-29','CC',1,1),(12003,'2019-06-29','CC',2,1),(12003,'2019-06-29','CC',3,1),(12003,'2019-06-29','CC',4,1),(12003,'2019-06-29','EC',1,1),(12003,'2019-06-29','EC',2,1),(12003,'2019-06-29','EC',3,1),(12003,'2019-06-29','EC',4,1),(12003,'2019-06-30','CC',1,1),(12003,'2019-06-30','CC',2,1),(12003,'2019-06-30','CC',3,1),(12003,'2019-06-30','CC',4,1),(12003,'2019-06-30','EC',1,1),(12003,'2019-06-30','EC',2,1),(12003,'2019-06-30','EC',3,1),(12003,'2019-06-30','EC',4,1),(12003,'2019-07-01','CC',1,1),(12003,'2019-07-01','CC',2,1),(12003,'2019-07-01','CC',3,1),(12003,'2019-07-01','CC',4,1),(12003,'2019-07-01','EC',1,1),(12003,'2019-07-01','EC',2,1),(12003,'2019-07-01','EC',3,1),(12003,'2019-07-01','EC',4,1),(12003,'2019-07-02','CC',1,1),(12003,'2019-07-02','CC',2,1),(12003,'2019-07-02','CC',3,1),(12003,'2019-07-02','CC',4,1),(12003,'2019-07-02','EC',1,1),(12003,'2019-07-02','EC',2,1),(12003,'2019-07-02','EC',3,1),(12003,'2019-07-02','EC',4,1),(12003,'2019-07-04','CC',1,1),(12003,'2019-07-04','CC',2,1),(12003,'2019-07-04','CC',3,1),(12003,'2019-07-04','CC',4,1),(12003,'2019-07-04','EC',1,1),(12003,'2019-07-04','EC',2,1),(12003,'2019-07-04','EC',3,1),(12003,'2019-07-04','EC',4,1),(12003,'2019-07-05','CC',1,1),(12003,'2019-07-05','CC',2,1),(12003,'2019-07-05','CC',3,1),(12003,'2019-07-05','CC',4,1),(12003,'2019-07-05','EC',1,1),(12003,'2019-07-05','EC',2,1),(12003,'2019-07-05','EC',3,1),(12003,'2019-07-05','EC',4,1),(12003,'2019-07-06','CC',1,1),(12003,'2019-07-06','CC',2,1),(12003,'2019-07-06','CC',3,1),(12003,'2019-07-06','CC',4,1),(12003,'2019-07-06','EC',1,1),(12003,'2019-07-06','EC',2,1),(12003,'2019-07-06','EC',3,1),(12003,'2019-07-06','EC',4,1),(12003,'2019-07-07','CC',1,1),(12003,'2019-07-07','CC',2,1),(12003,'2019-07-07','CC',3,1),(12003,'2019-07-07','CC',4,1),(12003,'2019-07-07','EC',1,1),(12003,'2019-07-07','EC',2,1),(12003,'2019-07-07','EC',3,1),(12003,'2019-07-07','EC',4,1),(12003,'2019-07-08','CC',1,1),(12003,'2019-07-08','CC',2,1),(12003,'2019-07-08','CC',3,1),(12003,'2019-07-08','CC',4,1),(12003,'2019-07-08','EC',1,1),(12003,'2019-07-08','EC',2,1),(12003,'2019-07-08','EC',3,1),(12003,'2019-07-08','EC',4,1),(12003,'2019-07-09','CC',1,1),(12003,'2019-07-09','CC',2,1),(12003,'2019-07-09','CC',3,1),(12003,'2019-07-09','CC',4,1),(12003,'2019-07-09','EC',1,1),(12003,'2019-07-09','EC',2,1),(12003,'2019-07-09','EC',3,1),(12003,'2019-07-09','EC',4,1),(12003,'2019-07-11','CC',1,1),(12003,'2019-07-11','CC',2,1),(12003,'2019-07-11','CC',3,1),(12003,'2019-07-11','CC',4,1),(12003,'2019-07-11','EC',1,1),(12003,'2019-07-11','EC',2,1),(12003,'2019-07-11','EC',3,1),(12003,'2019-07-11','EC',4,1),(12003,'2019-07-12','CC',1,1),(12003,'2019-07-12','CC',2,1),(12003,'2019-07-12','CC',3,1),(12003,'2019-07-12','CC',4,1),(12003,'2019-07-12','EC',1,1),(12003,'2019-07-12','EC',2,1),(12003,'2019-07-12','EC',3,1),(12003,'2019-07-12','EC',4,1),(12003,'2019-07-13','CC',1,1),(12003,'2019-07-13','CC',2,1),(12003,'2019-07-13','CC',3,1),(12003,'2019-07-13','CC',4,1),(12003,'2019-07-13','EC',1,1),(12003,'2019-07-13','EC',2,1),(12003,'2019-07-13','EC',3,1),(12003,'2019-07-13','EC',4,1),(12003,'2019-07-14','CC',1,1),(12003,'2019-07-14','CC',2,1),(12003,'2019-07-14','CC',3,1),(12003,'2019-07-14','CC',4,1),(12003,'2019-07-14','EC',1,1),(12003,'2019-07-14','EC',2,1),(12003,'2019-07-14','EC',3,1),(12003,'2019-07-14','EC',4,1),(12003,'2019-07-15','CC',1,1),(12003,'2019-07-15','CC',2,1),(12003,'2019-07-15','CC',3,1),(12003,'2019-07-15','CC',4,1),(12003,'2019-07-15','EC',1,1),(12003,'2019-07-15','EC',2,1),(12003,'2019-07-15','EC',3,1),(12003,'2019-07-15','EC',4,1),(12003,'2019-07-16','CC',1,1),(12003,'2019-07-16','CC',2,1),(12003,'2019-07-16','CC',3,1),(12003,'2019-07-16','CC',4,1),(12003,'2019-07-16','EC',1,1),(12003,'2019-07-16','EC',2,1),(12003,'2019-07-16','EC',3,1),(12003,'2019-07-16','EC',4,1),(12004,'2019-04-18','CC',1,1),(12004,'2019-04-18','CC',2,1),(12004,'2019-04-18','CC',3,1),(12004,'2019-04-18','CC',4,1),(12004,'2019-04-18','EC',1,1),(12004,'2019-04-18','EC',2,1),(12004,'2019-04-18','EC',3,1),(12004,'2019-04-18','EC',4,1),(12004,'2019-04-19','CC',1,1),(12004,'2019-04-19','CC',2,1),(12004,'2019-04-19','CC',3,1),(12004,'2019-04-19','CC',4,1),(12004,'2019-04-19','EC',1,1),(12004,'2019-04-19','EC',2,1),(12004,'2019-04-19','EC',3,1),(12004,'2019-04-19','EC',4,1),(12004,'2019-04-20','CC',1,1),(12004,'2019-04-20','CC',2,1),(12004,'2019-04-20','CC',3,1),(12004,'2019-04-20','CC',4,1),(12004,'2019-04-20','EC',1,1),(12004,'2019-04-20','EC',2,1),(12004,'2019-04-20','EC',3,1),(12004,'2019-04-20','EC',4,1),(12004,'2019-04-21','CC',1,1),(12004,'2019-04-21','CC',2,1),(12004,'2019-04-21','CC',3,1),(12004,'2019-04-21','CC',4,1),(12004,'2019-04-21','EC',1,1),(12004,'2019-04-21','EC',2,1),(12004,'2019-04-21','EC',3,1),(12004,'2019-04-21','EC',4,1),(12004,'2019-04-22','CC',1,1),(12004,'2019-04-22','CC',2,1),(12004,'2019-04-22','CC',3,1),(12004,'2019-04-22','CC',4,1),(12004,'2019-04-22','EC',1,1),(12004,'2019-04-22','EC',2,1),(12004,'2019-04-22','EC',3,1),(12004,'2019-04-22','EC',4,1),(12004,'2019-04-23','CC',1,1),(12004,'2019-04-23','CC',2,1),(12004,'2019-04-23','CC',3,1),(12004,'2019-04-23','CC',4,1),(12004,'2019-04-23','EC',1,1),(12004,'2019-04-23','EC',2,1),(12004,'2019-04-23','EC',3,1),(12004,'2019-04-23','EC',4,1),(12004,'2019-04-24','CC',1,1),(12004,'2019-04-24','CC',2,1),(12004,'2019-04-24','CC',3,1),(12004,'2019-04-24','CC',4,1),(12004,'2019-04-24','EC',1,1),(12004,'2019-04-24','EC',2,1),(12004,'2019-04-24','EC',3,1),(12004,'2019-04-24','EC',4,1),(12004,'2019-04-25','CC',1,1),(12004,'2019-04-25','CC',2,1),(12004,'2019-04-25','CC',3,1),(12004,'2019-04-25','CC',4,1),(12004,'2019-04-25','EC',1,1),(12004,'2019-04-25','EC',2,1),(12004,'2019-04-25','EC',3,1),(12004,'2019-04-25','EC',4,1),(12004,'2019-04-26','CC',1,1),(12004,'2019-04-26','CC',2,1),(12004,'2019-04-26','CC',3,1),(12004,'2019-04-26','CC',4,1),(12004,'2019-04-26','EC',1,1),(12004,'2019-04-26','EC',2,1),(12004,'2019-04-26','EC',3,1),(12004,'2019-04-26','EC',4,1),(12004,'2019-04-27','CC',1,1),(12004,'2019-04-27','CC',2,1),(12004,'2019-04-27','CC',3,1),(12004,'2019-04-27','CC',4,1),(12004,'2019-04-27','EC',1,1),(12004,'2019-04-27','EC',2,1),(12004,'2019-04-27','EC',3,1),(12004,'2019-04-27','EC',4,1),(12004,'2019-04-28','CC',1,1),(12004,'2019-04-28','CC',2,1),(12004,'2019-04-28','CC',3,1),(12004,'2019-04-28','CC',4,1),(12004,'2019-04-28','EC',1,1),(12004,'2019-04-28','EC',2,1),(12004,'2019-04-28','EC',3,1),(12004,'2019-04-28','EC',4,1),(12004,'2019-04-29','CC',1,1),(12004,'2019-04-29','CC',2,1),(12004,'2019-04-29','CC',3,1),(12004,'2019-04-29','CC',4,1),(12004,'2019-04-29','EC',1,1),(12004,'2019-04-29','EC',2,1),(12004,'2019-04-29','EC',3,1),(12004,'2019-04-29','EC',4,1),(12004,'2019-04-30','CC',1,1),(12004,'2019-04-30','CC',2,1),(12004,'2019-04-30','CC',3,1),(12004,'2019-04-30','CC',4,1),(12004,'2019-04-30','EC',1,1),(12004,'2019-04-30','EC',2,1),(12004,'2019-04-30','EC',3,1),(12004,'2019-04-30','EC',4,1),(12004,'2019-05-01','CC',1,1),(12004,'2019-05-01','CC',2,1),(12004,'2019-05-01','CC',3,1),(12004,'2019-05-01','CC',4,1),(12004,'2019-05-01','EC',1,1),(12004,'2019-05-01','EC',2,1),(12004,'2019-05-01','EC',3,1),(12004,'2019-05-01','EC',4,1),(12004,'2019-05-02','CC',1,1),(12004,'2019-05-02','CC',2,1),(12004,'2019-05-02','CC',3,1),(12004,'2019-05-02','CC',4,1),(12004,'2019-05-02','EC',1,1),(12004,'2019-05-02','EC',2,1),(12004,'2019-05-02','EC',3,1),(12004,'2019-05-02','EC',4,1),(12004,'2019-05-03','CC',1,1),(12004,'2019-05-03','CC',2,1),(12004,'2019-05-03','CC',3,1),(12004,'2019-05-03','CC',4,1),(12004,'2019-05-03','EC',1,1),(12004,'2019-05-03','EC',2,1),(12004,'2019-05-03','EC',3,1),(12004,'2019-05-03','EC',4,1),(12004,'2019-05-04','CC',1,1),(12004,'2019-05-04','CC',2,1),(12004,'2019-05-04','CC',3,1),(12004,'2019-05-04','CC',4,1),(12004,'2019-05-04','EC',1,1),(12004,'2019-05-04','EC',2,1),(12004,'2019-05-04','EC',3,1),(12004,'2019-05-04','EC',4,1),(12004,'2019-05-05','CC',1,1),(12004,'2019-05-05','CC',2,1),(12004,'2019-05-05','CC',3,1),(12004,'2019-05-05','CC',4,1),(12004,'2019-05-05','EC',1,1),(12004,'2019-05-05','EC',2,1),(12004,'2019-05-05','EC',3,1),(12004,'2019-05-05','EC',4,1),(12004,'2019-05-06','CC',1,1),(12004,'2019-05-06','CC',2,1),(12004,'2019-05-06','CC',3,1),(12004,'2019-05-06','CC',4,1),(12004,'2019-05-06','EC',1,1),(12004,'2019-05-06','EC',2,1),(12004,'2019-05-06','EC',3,1),(12004,'2019-05-06','EC',4,1),(12004,'2019-05-07','CC',1,1),(12004,'2019-05-07','CC',2,1),(12004,'2019-05-07','CC',3,1),(12004,'2019-05-07','CC',4,1),(12004,'2019-05-07','EC',1,1),(12004,'2019-05-07','EC',2,1),(12004,'2019-05-07','EC',3,1),(12004,'2019-05-07','EC',4,1),(12004,'2019-05-08','CC',1,1),(12004,'2019-05-08','CC',2,1),(12004,'2019-05-08','CC',3,1),(12004,'2019-05-08','CC',4,1),(12004,'2019-05-08','EC',1,1),(12004,'2019-05-08','EC',2,1),(12004,'2019-05-08','EC',3,1),(12004,'2019-05-08','EC',4,1),(12004,'2019-05-09','CC',1,1),(12004,'2019-05-09','CC',2,1),(12004,'2019-05-09','CC',3,1),(12004,'2019-05-09','CC',4,1),(12004,'2019-05-09','EC',1,1),(12004,'2019-05-09','EC',2,1),(12004,'2019-05-09','EC',3,1),(12004,'2019-05-09','EC',4,1),(12004,'2019-05-10','CC',1,1),(12004,'2019-05-10','CC',2,1),(12004,'2019-05-10','CC',3,1),(12004,'2019-05-10','CC',4,1),(12004,'2019-05-10','EC',1,1),(12004,'2019-05-10','EC',2,1),(12004,'2019-05-10','EC',3,1),(12004,'2019-05-10','EC',4,1),(12004,'2019-05-11','CC',1,1),(12004,'2019-05-11','CC',2,1),(12004,'2019-05-11','CC',3,1),(12004,'2019-05-11','CC',4,1),(12004,'2019-05-11','EC',1,1),(12004,'2019-05-11','EC',2,1),(12004,'2019-05-11','EC',3,1),(12004,'2019-05-11','EC',4,1),(12004,'2019-05-12','CC',1,1),(12004,'2019-05-12','CC',2,1),(12004,'2019-05-12','CC',3,1),(12004,'2019-05-12','CC',4,1),(12004,'2019-05-12','EC',1,1),(12004,'2019-05-12','EC',2,1),(12004,'2019-05-12','EC',3,1),(12004,'2019-05-12','EC',4,1),(12004,'2019-05-13','CC',1,1),(12004,'2019-05-13','CC',2,1),(12004,'2019-05-13','CC',3,1),(12004,'2019-05-13','CC',4,1),(12004,'2019-05-13','EC',1,1),(12004,'2019-05-13','EC',2,1),(12004,'2019-05-13','EC',3,1),(12004,'2019-05-13','EC',4,1),(12004,'2019-05-14','CC',1,1),(12004,'2019-05-14','CC',2,1),(12004,'2019-05-14','CC',3,1),(12004,'2019-05-14','CC',4,1),(12004,'2019-05-14','EC',1,1),(12004,'2019-05-14','EC',2,1),(12004,'2019-05-14','EC',3,1),(12004,'2019-05-14','EC',4,1),(12004,'2019-05-15','CC',1,1),(12004,'2019-05-15','CC',2,1),(12004,'2019-05-15','CC',3,1),(12004,'2019-05-15','CC',4,1),(12004,'2019-05-15','EC',1,1),(12004,'2019-05-15','EC',2,1),(12004,'2019-05-15','EC',3,1),(12004,'2019-05-15','EC',4,1),(12004,'2019-05-16','CC',1,1),(12004,'2019-05-16','CC',2,1),(12004,'2019-05-16','CC',3,1),(12004,'2019-05-16','CC',4,1),(12004,'2019-05-16','EC',1,1),(12004,'2019-05-16','EC',2,1),(12004,'2019-05-16','EC',3,1),(12004,'2019-05-16','EC',4,1),(12004,'2019-05-17','CC',1,1),(12004,'2019-05-17','CC',2,1),(12004,'2019-05-17','CC',3,1),(12004,'2019-05-17','CC',4,1),(12004,'2019-05-17','EC',1,1),(12004,'2019-05-17','EC',2,1),(12004,'2019-05-17','EC',3,1),(12004,'2019-05-17','EC',4,1),(12004,'2019-05-18','CC',1,1),(12004,'2019-05-18','CC',2,1),(12004,'2019-05-18','CC',3,1),(12004,'2019-05-18','CC',4,1),(12004,'2019-05-18','EC',1,1),(12004,'2019-05-18','EC',2,1),(12004,'2019-05-18','EC',3,1),(12004,'2019-05-18','EC',4,1),(12004,'2019-05-19','CC',1,1),(12004,'2019-05-19','CC',2,1),(12004,'2019-05-19','CC',3,1),(12004,'2019-05-19','CC',4,1),(12004,'2019-05-19','EC',1,1),(12004,'2019-05-19','EC',2,1),(12004,'2019-05-19','EC',3,1),(12004,'2019-05-19','EC',4,1),(12004,'2019-05-20','CC',1,1),(12004,'2019-05-20','CC',2,1),(12004,'2019-05-20','CC',3,1),(12004,'2019-05-20','CC',4,1),(12004,'2019-05-20','EC',1,1),(12004,'2019-05-20','EC',2,1),(12004,'2019-05-20','EC',3,1),(12004,'2019-05-20','EC',4,1),(12004,'2019-05-21','CC',1,1),(12004,'2019-05-21','CC',2,1),(12004,'2019-05-21','CC',3,1),(12004,'2019-05-21','CC',4,1),(12004,'2019-05-21','EC',1,1),(12004,'2019-05-21','EC',2,1),(12004,'2019-05-21','EC',3,1),(12004,'2019-05-21','EC',4,1),(12004,'2019-05-22','CC',1,1),(12004,'2019-05-22','CC',2,1),(12004,'2019-05-22','CC',3,1),(12004,'2019-05-22','CC',4,1),(12004,'2019-05-22','EC',1,1),(12004,'2019-05-22','EC',2,1),(12004,'2019-05-22','EC',3,1),(12004,'2019-05-22','EC',4,1),(12004,'2019-05-23','CC',1,1),(12004,'2019-05-23','CC',2,1),(12004,'2019-05-23','CC',3,1),(12004,'2019-05-23','CC',4,1),(12004,'2019-05-23','EC',1,1),(12004,'2019-05-23','EC',2,1),(12004,'2019-05-23','EC',3,1),(12004,'2019-05-23','EC',4,1),(12004,'2019-05-24','CC',1,1),(12004,'2019-05-24','CC',2,1),(12004,'2019-05-24','CC',3,1),(12004,'2019-05-24','CC',4,1),(12004,'2019-05-24','EC',1,1),(12004,'2019-05-24','EC',2,1),(12004,'2019-05-24','EC',3,1),(12004,'2019-05-24','EC',4,1),(12004,'2019-05-25','CC',1,1),(12004,'2019-05-25','CC',2,1),(12004,'2019-05-25','CC',3,1),(12004,'2019-05-25','CC',4,1),(12004,'2019-05-25','EC',1,1),(12004,'2019-05-25','EC',2,1),(12004,'2019-05-25','EC',3,1),(12004,'2019-05-25','EC',4,1),(12004,'2019-05-26','CC',1,1),(12004,'2019-05-26','CC',2,1),(12004,'2019-05-26','CC',3,1),(12004,'2019-05-26','CC',4,1),(12004,'2019-05-26','EC',1,1),(12004,'2019-05-26','EC',2,1),(12004,'2019-05-26','EC',3,1),(12004,'2019-05-26','EC',4,1),(12004,'2019-05-27','CC',1,1),(12004,'2019-05-27','CC',2,1),(12004,'2019-05-27','CC',3,1),(12004,'2019-05-27','CC',4,1),(12004,'2019-05-27','EC',1,1),(12004,'2019-05-27','EC',2,1),(12004,'2019-05-27','EC',3,1),(12004,'2019-05-27','EC',4,1),(12004,'2019-05-28','CC',1,1),(12004,'2019-05-28','CC',2,1),(12004,'2019-05-28','CC',3,1),(12004,'2019-05-28','CC',4,1),(12004,'2019-05-28','EC',1,1),(12004,'2019-05-28','EC',2,1),(12004,'2019-05-28','EC',3,1),(12004,'2019-05-28','EC',4,1),(12004,'2019-05-29','CC',1,1),(12004,'2019-05-29','CC',2,1),(12004,'2019-05-29','CC',3,1),(12004,'2019-05-29','CC',4,1),(12004,'2019-05-29','EC',1,1),(12004,'2019-05-29','EC',2,1),(12004,'2019-05-29','EC',3,1),(12004,'2019-05-29','EC',4,1),(12004,'2019-05-30','CC',1,1),(12004,'2019-05-30','CC',2,1),(12004,'2019-05-30','CC',3,1),(12004,'2019-05-30','CC',4,1),(12004,'2019-05-30','EC',1,1),(12004,'2019-05-30','EC',2,1),(12004,'2019-05-30','EC',3,1),(12004,'2019-05-30','EC',4,1),(12004,'2019-05-31','CC',1,1),(12004,'2019-05-31','CC',2,1),(12004,'2019-05-31','CC',3,1),(12004,'2019-05-31','CC',4,1),(12004,'2019-05-31','EC',1,1),(12004,'2019-05-31','EC',2,1),(12004,'2019-05-31','EC',3,1),(12004,'2019-05-31','EC',4,1),(12004,'2019-06-01','CC',1,1),(12004,'2019-06-01','CC',2,1),(12004,'2019-06-01','CC',3,1),(12004,'2019-06-01','CC',4,1),(12004,'2019-06-01','EC',1,1),(12004,'2019-06-01','EC',2,1),(12004,'2019-06-01','EC',3,1),(12004,'2019-06-01','EC',4,1),(12004,'2019-06-02','CC',1,1),(12004,'2019-06-02','CC',2,1),(12004,'2019-06-02','CC',3,1),(12004,'2019-06-02','CC',4,1),(12004,'2019-06-02','EC',1,1),(12004,'2019-06-02','EC',2,1),(12004,'2019-06-02','EC',3,1),(12004,'2019-06-02','EC',4,1),(12004,'2019-06-03','CC',1,1),(12004,'2019-06-03','CC',2,1),(12004,'2019-06-03','CC',3,1),(12004,'2019-06-03','CC',4,1),(12004,'2019-06-03','EC',1,1),(12004,'2019-06-03','EC',2,1),(12004,'2019-06-03','EC',3,1),(12004,'2019-06-03','EC',4,1),(12004,'2019-06-04','CC',1,1),(12004,'2019-06-04','CC',2,1),(12004,'2019-06-04','CC',3,1),(12004,'2019-06-04','CC',4,1),(12004,'2019-06-04','EC',1,1),(12004,'2019-06-04','EC',2,1),(12004,'2019-06-04','EC',3,1),(12004,'2019-06-04','EC',4,1),(12004,'2019-06-05','CC',1,1),(12004,'2019-06-05','CC',2,1),(12004,'2019-06-05','CC',3,1),(12004,'2019-06-05','CC',4,1),(12004,'2019-06-05','EC',1,1),(12004,'2019-06-05','EC',2,1),(12004,'2019-06-05','EC',3,1),(12004,'2019-06-05','EC',4,1),(12004,'2019-06-06','CC',1,1),(12004,'2019-06-06','CC',2,1),(12004,'2019-06-06','CC',3,1),(12004,'2019-06-06','CC',4,1),(12004,'2019-06-06','EC',1,1),(12004,'2019-06-06','EC',2,1),(12004,'2019-06-06','EC',3,1),(12004,'2019-06-06','EC',4,1),(12004,'2019-06-07','CC',1,1),(12004,'2019-06-07','CC',2,1),(12004,'2019-06-07','CC',3,1),(12004,'2019-06-07','CC',4,1),(12004,'2019-06-07','EC',1,1),(12004,'2019-06-07','EC',2,1),(12004,'2019-06-07','EC',3,1),(12004,'2019-06-07','EC',4,1),(12004,'2019-06-08','CC',1,1),(12004,'2019-06-08','CC',2,1),(12004,'2019-06-08','CC',3,1),(12004,'2019-06-08','CC',4,1),(12004,'2019-06-08','EC',1,1),(12004,'2019-06-08','EC',2,1),(12004,'2019-06-08','EC',3,1),(12004,'2019-06-08','EC',4,1),(12004,'2019-06-09','CC',1,1),(12004,'2019-06-09','CC',2,1),(12004,'2019-06-09','CC',3,1),(12004,'2019-06-09','CC',4,1),(12004,'2019-06-09','EC',1,1),(12004,'2019-06-09','EC',2,1),(12004,'2019-06-09','EC',3,1),(12004,'2019-06-09','EC',4,1),(12004,'2019-06-10','CC',1,1),(12004,'2019-06-10','CC',2,1),(12004,'2019-06-10','CC',3,1),(12004,'2019-06-10','CC',4,1),(12004,'2019-06-10','EC',1,1),(12004,'2019-06-10','EC',2,1),(12004,'2019-06-10','EC',3,1),(12004,'2019-06-10','EC',4,1),(12004,'2019-06-11','CC',1,1),(12004,'2019-06-11','CC',2,1),(12004,'2019-06-11','CC',3,1),(12004,'2019-06-11','CC',4,1),(12004,'2019-06-11','EC',1,1),(12004,'2019-06-11','EC',2,1),(12004,'2019-06-11','EC',3,1),(12004,'2019-06-11','EC',4,1),(12004,'2019-06-12','CC',1,1),(12004,'2019-06-12','CC',2,1),(12004,'2019-06-12','CC',3,1),(12004,'2019-06-12','CC',4,1),(12004,'2019-06-12','EC',1,1),(12004,'2019-06-12','EC',2,1),(12004,'2019-06-12','EC',3,1),(12004,'2019-06-12','EC',4,1),(12004,'2019-06-13','CC',1,1),(12004,'2019-06-13','CC',2,1),(12004,'2019-06-13','CC',3,1),(12004,'2019-06-13','CC',4,1),(12004,'2019-06-13','EC',1,1),(12004,'2019-06-13','EC',2,1),(12004,'2019-06-13','EC',3,1),(12004,'2019-06-13','EC',4,1),(12004,'2019-06-14','CC',1,1),(12004,'2019-06-14','CC',2,1),(12004,'2019-06-14','CC',3,1),(12004,'2019-06-14','CC',4,1),(12004,'2019-06-14','EC',1,1),(12004,'2019-06-14','EC',2,1),(12004,'2019-06-14','EC',3,1),(12004,'2019-06-14','EC',4,1),(12004,'2019-06-15','CC',1,1),(12004,'2019-06-15','CC',2,1),(12004,'2019-06-15','CC',3,1),(12004,'2019-06-15','CC',4,1),(12004,'2019-06-15','EC',1,1),(12004,'2019-06-15','EC',2,1),(12004,'2019-06-15','EC',3,1),(12004,'2019-06-15','EC',4,1),(12004,'2019-06-16','CC',1,1),(12004,'2019-06-16','CC',2,1),(12004,'2019-06-16','CC',3,1),(12004,'2019-06-16','CC',4,1),(12004,'2019-06-16','EC',1,1),(12004,'2019-06-16','EC',2,1),(12004,'2019-06-16','EC',3,1),(12004,'2019-06-16','EC',4,1),(12004,'2019-06-17','CC',1,1),(12004,'2019-06-17','CC',2,1),(12004,'2019-06-17','CC',3,1),(12004,'2019-06-17','CC',4,1),(12004,'2019-06-17','EC',1,1),(12004,'2019-06-17','EC',2,1),(12004,'2019-06-17','EC',3,1),(12004,'2019-06-17','EC',4,1),(12004,'2019-06-18','CC',1,1),(12004,'2019-06-18','CC',2,1),(12004,'2019-06-18','CC',3,1),(12004,'2019-06-18','CC',4,1),(12004,'2019-06-18','EC',1,1),(12004,'2019-06-18','EC',2,1),(12004,'2019-06-18','EC',3,1),(12004,'2019-06-18','EC',4,1),(12004,'2019-06-19','CC',1,1),(12004,'2019-06-19','CC',2,1),(12004,'2019-06-19','CC',3,1),(12004,'2019-06-19','CC',4,1),(12004,'2019-06-19','EC',1,1),(12004,'2019-06-19','EC',2,1),(12004,'2019-06-19','EC',3,1),(12004,'2019-06-19','EC',4,1),(12004,'2019-06-20','CC',1,1),(12004,'2019-06-20','CC',2,1),(12004,'2019-06-20','CC',3,1),(12004,'2019-06-20','CC',4,1),(12004,'2019-06-20','EC',1,1),(12004,'2019-06-20','EC',2,1),(12004,'2019-06-20','EC',3,1),(12004,'2019-06-20','EC',4,1),(12004,'2019-06-21','CC',1,1),(12004,'2019-06-21','CC',2,1),(12004,'2019-06-21','CC',3,1),(12004,'2019-06-21','CC',4,1),(12004,'2019-06-21','EC',1,1),(12004,'2019-06-21','EC',2,1),(12004,'2019-06-21','EC',3,1),(12004,'2019-06-21','EC',4,1),(12004,'2019-06-22','CC',1,1),(12004,'2019-06-22','CC',2,1),(12004,'2019-06-22','CC',3,1),(12004,'2019-06-22','CC',4,1),(12004,'2019-06-22','EC',1,1),(12004,'2019-06-22','EC',2,1),(12004,'2019-06-22','EC',3,1),(12004,'2019-06-22','EC',4,1),(12004,'2019-06-23','CC',1,1),(12004,'2019-06-23','CC',2,1),(12004,'2019-06-23','CC',3,1),(12004,'2019-06-23','CC',4,1),(12004,'2019-06-23','EC',1,1),(12004,'2019-06-23','EC',2,1),(12004,'2019-06-23','EC',3,1),(12004,'2019-06-23','EC',4,1),(12004,'2019-06-24','CC',1,1),(12004,'2019-06-24','CC',2,1),(12004,'2019-06-24','CC',3,1),(12004,'2019-06-24','CC',4,1),(12004,'2019-06-24','EC',1,1),(12004,'2019-06-24','EC',2,1),(12004,'2019-06-24','EC',3,1),(12004,'2019-06-24','EC',4,1),(12004,'2019-06-25','CC',1,1),(12004,'2019-06-25','CC',2,1),(12004,'2019-06-25','CC',3,1),(12004,'2019-06-25','CC',4,1),(12004,'2019-06-25','EC',1,1),(12004,'2019-06-25','EC',2,1),(12004,'2019-06-25','EC',3,1),(12004,'2019-06-25','EC',4,1),(12004,'2019-06-26','CC',1,1),(12004,'2019-06-26','CC',2,1),(12004,'2019-06-26','CC',3,1),(12004,'2019-06-26','CC',4,1),(12004,'2019-06-26','EC',1,1),(12004,'2019-06-26','EC',2,1),(12004,'2019-06-26','EC',3,1),(12004,'2019-06-26','EC',4,1),(12004,'2019-06-27','CC',1,1),(12004,'2019-06-27','CC',2,1),(12004,'2019-06-27','CC',3,1),(12004,'2019-06-27','CC',4,1),(12004,'2019-06-27','EC',1,1),(12004,'2019-06-27','EC',2,1),(12004,'2019-06-27','EC',3,1),(12004,'2019-06-27','EC',4,1),(12004,'2019-06-28','CC',1,1),(12004,'2019-06-28','CC',2,1),(12004,'2019-06-28','CC',3,1),(12004,'2019-06-28','CC',4,1),(12004,'2019-06-28','EC',1,1),(12004,'2019-06-28','EC',2,1),(12004,'2019-06-28','EC',3,1),(12004,'2019-06-28','EC',4,1),(12004,'2019-06-29','CC',1,1),(12004,'2019-06-29','CC',2,1),(12004,'2019-06-29','CC',3,1),(12004,'2019-06-29','CC',4,1),(12004,'2019-06-29','EC',1,1),(12004,'2019-06-29','EC',2,1),(12004,'2019-06-29','EC',3,1),(12004,'2019-06-29','EC',4,1),(12004,'2019-06-30','CC',1,1),(12004,'2019-06-30','CC',2,1),(12004,'2019-06-30','CC',3,1),(12004,'2019-06-30','CC',4,1),(12004,'2019-06-30','EC',1,1),(12004,'2019-06-30','EC',2,1),(12004,'2019-06-30','EC',3,1),(12004,'2019-06-30','EC',4,1),(12004,'2019-07-01','CC',1,1),(12004,'2019-07-01','CC',2,1),(12004,'2019-07-01','CC',3,1),(12004,'2019-07-01','CC',4,1),(12004,'2019-07-01','EC',1,1),(12004,'2019-07-01','EC',2,1),(12004,'2019-07-01','EC',3,1),(12004,'2019-07-01','EC',4,1),(12004,'2019-07-02','CC',1,1),(12004,'2019-07-02','CC',2,1),(12004,'2019-07-02','CC',3,1),(12004,'2019-07-02','CC',4,1),(12004,'2019-07-02','EC',1,1),(12004,'2019-07-02','EC',2,1),(12004,'2019-07-02','EC',3,1),(12004,'2019-07-02','EC',4,1),(12004,'2019-07-03','CC',1,1),(12004,'2019-07-03','CC',2,1),(12004,'2019-07-03','CC',3,1),(12004,'2019-07-03','CC',4,1),(12004,'2019-07-03','EC',1,1),(12004,'2019-07-03','EC',2,1),(12004,'2019-07-03','EC',3,1),(12004,'2019-07-03','EC',4,1),(12004,'2019-07-04','CC',1,1),(12004,'2019-07-04','CC',2,1),(12004,'2019-07-04','CC',3,1),(12004,'2019-07-04','CC',4,1),(12004,'2019-07-04','EC',1,1),(12004,'2019-07-04','EC',2,1),(12004,'2019-07-04','EC',3,1),(12004,'2019-07-04','EC',4,1),(12004,'2019-07-05','CC',1,1),(12004,'2019-07-05','CC',2,1),(12004,'2019-07-05','CC',3,1),(12004,'2019-07-05','CC',4,1),(12004,'2019-07-05','EC',1,1),(12004,'2019-07-05','EC',2,1),(12004,'2019-07-05','EC',3,1),(12004,'2019-07-05','EC',4,1),(12004,'2019-07-06','CC',1,1),(12004,'2019-07-06','CC',2,1),(12004,'2019-07-06','CC',3,1),(12004,'2019-07-06','CC',4,1),(12004,'2019-07-06','EC',1,1),(12004,'2019-07-06','EC',2,1),(12004,'2019-07-06','EC',3,1),(12004,'2019-07-06','EC',4,1),(12004,'2019-07-07','CC',1,1),(12004,'2019-07-07','CC',2,1),(12004,'2019-07-07','CC',3,1),(12004,'2019-07-07','CC',4,1),(12004,'2019-07-07','EC',1,1),(12004,'2019-07-07','EC',2,1),(12004,'2019-07-07','EC',3,1),(12004,'2019-07-07','EC',4,1),(12004,'2019-07-08','CC',1,1),(12004,'2019-07-08','CC',2,1),(12004,'2019-07-08','CC',3,1),(12004,'2019-07-08','CC',4,1),(12004,'2019-07-08','EC',1,1),(12004,'2019-07-08','EC',2,1),(12004,'2019-07-08','EC',3,1),(12004,'2019-07-08','EC',4,1),(12004,'2019-07-09','CC',1,1),(12004,'2019-07-09','CC',2,1),(12004,'2019-07-09','CC',3,1),(12004,'2019-07-09','CC',4,1),(12004,'2019-07-09','EC',1,1),(12004,'2019-07-09','EC',2,1),(12004,'2019-07-09','EC',3,1),(12004,'2019-07-09','EC',4,1),(12004,'2019-07-10','CC',1,1),(12004,'2019-07-10','CC',2,1),(12004,'2019-07-10','CC',3,1),(12004,'2019-07-10','CC',4,1),(12004,'2019-07-10','EC',1,1),(12004,'2019-07-10','EC',2,1),(12004,'2019-07-10','EC',3,1),(12004,'2019-07-10','EC',4,1),(12004,'2019-07-11','CC',1,1),(12004,'2019-07-11','CC',2,1),(12004,'2019-07-11','CC',3,1),(12004,'2019-07-11','CC',4,1),(12004,'2019-07-11','EC',1,1),(12004,'2019-07-11','EC',2,1),(12004,'2019-07-11','EC',3,1),(12004,'2019-07-11','EC',4,1),(12004,'2019-07-12','CC',1,1),(12004,'2019-07-12','CC',2,1),(12004,'2019-07-12','CC',3,1),(12004,'2019-07-12','CC',4,1),(12004,'2019-07-12','EC',1,1),(12004,'2019-07-12','EC',2,1),(12004,'2019-07-12','EC',3,1),(12004,'2019-07-12','EC',4,1),(12004,'2019-07-13','CC',1,1),(12004,'2019-07-13','CC',2,1),(12004,'2019-07-13','CC',3,1),(12004,'2019-07-13','CC',4,1),(12004,'2019-07-13','EC',1,1),(12004,'2019-07-13','EC',2,1),(12004,'2019-07-13','EC',3,1),(12004,'2019-07-13','EC',4,1),(12004,'2019-07-14','CC',1,1),(12004,'2019-07-14','CC',2,1),(12004,'2019-07-14','CC',3,1),(12004,'2019-07-14','CC',4,1),(12004,'2019-07-14','EC',1,1),(12004,'2019-07-14','EC',2,1),(12004,'2019-07-14','EC',3,1),(12004,'2019-07-14','EC',4,1),(12004,'2019-07-15','CC',1,1),(12004,'2019-07-15','CC',2,1),(12004,'2019-07-15','CC',3,1),(12004,'2019-07-15','CC',4,1),(12004,'2019-07-15','EC',1,1),(12004,'2019-07-15','EC',2,1),(12004,'2019-07-15','EC',3,1),(12004,'2019-07-15','EC',4,1),(12004,'2019-07-16','CC',1,1),(12004,'2019-07-16','CC',2,1),(12004,'2019-07-16','CC',3,1),(12004,'2019-07-16','CC',4,1),(12004,'2019-07-16','EC',1,1),(12004,'2019-07-16','EC',2,1),(12004,'2019-07-16','EC',3,1),(12004,'2019-07-16','EC',4,1),(12004,'2019-07-17','CC',1,1),(12004,'2019-07-17','CC',2,1),(12004,'2019-07-17','CC',3,1),(12004,'2019-07-17','CC',4,1),(12004,'2019-07-17','EC',1,1),(12004,'2019-07-17','EC',2,1),(12004,'2019-07-17','EC',3,1),(12004,'2019-07-17','EC',4,1),(12034,'2019-04-18','CC',1,1),(12034,'2019-04-18','CC',3,1),(12034,'2019-04-18','EC',1,1),(12034,'2019-04-18','EC',3,1),(12034,'2019-04-19','CC',1,1),(12034,'2019-04-19','CC',3,1),(12034,'2019-04-19','EC',1,1),(12034,'2019-04-19','EC',3,1),(12034,'2019-04-20','CC',1,1),(12034,'2019-04-20','CC',3,1),(12034,'2019-04-20','EC',1,1),(12034,'2019-04-20','EC',3,1),(12034,'2019-04-21','CC',1,1),(12034,'2019-04-21','CC',3,1),(12034,'2019-04-21','EC',1,1),(12034,'2019-04-21','EC',3,1),(12034,'2019-04-22','CC',1,1),(12034,'2019-04-22','CC',3,1),(12034,'2019-04-22','EC',1,1),(12034,'2019-04-22','EC',3,1),(12034,'2019-04-23','CC',1,1),(12034,'2019-04-23','CC',3,1),(12034,'2019-04-23','EC',1,1),(12034,'2019-04-23','EC',3,1),(12034,'2019-04-24','CC',1,1),(12034,'2019-04-24','CC',3,1),(12034,'2019-04-24','EC',1,1),(12034,'2019-04-24','EC',3,1),(12034,'2019-04-25','CC',1,1),(12034,'2019-04-25','CC',3,1),(12034,'2019-04-25','EC',1,1),(12034,'2019-04-25','EC',3,1),(12034,'2019-04-26','CC',1,1),(12034,'2019-04-26','CC',3,1),(12034,'2019-04-26','EC',1,1),(12034,'2019-04-26','EC',3,1),(12034,'2019-04-27','CC',1,1),(12034,'2019-04-27','CC',3,1),(12034,'2019-04-27','EC',1,1),(12034,'2019-04-27','EC',3,1),(12034,'2019-04-28','CC',1,1),(12034,'2019-04-28','CC',3,1),(12034,'2019-04-28','EC',1,1),(12034,'2019-04-28','EC',3,1),(12034,'2019-04-29','CC',1,1),(12034,'2019-04-29','CC',3,1),(12034,'2019-04-29','EC',1,1),(12034,'2019-04-29','EC',3,1),(12034,'2019-04-30','CC',1,1),(12034,'2019-04-30','CC',3,1),(12034,'2019-04-30','EC',1,1),(12034,'2019-04-30','EC',3,1),(12034,'2019-05-01','CC',1,1),(12034,'2019-05-01','CC',3,1),(12034,'2019-05-01','EC',1,1),(12034,'2019-05-01','EC',3,1),(12034,'2019-05-02','CC',1,1),(12034,'2019-05-02','CC',3,1),(12034,'2019-05-02','EC',1,1),(12034,'2019-05-02','EC',3,1),(12034,'2019-05-03','CC',1,1),(12034,'2019-05-03','CC',3,1),(12034,'2019-05-03','EC',1,1),(12034,'2019-05-03','EC',3,1),(12034,'2019-05-04','CC',1,1),(12034,'2019-05-04','CC',3,1),(12034,'2019-05-04','EC',1,1),(12034,'2019-05-04','EC',3,1),(12034,'2019-05-05','CC',1,1),(12034,'2019-05-05','CC',3,1),(12034,'2019-05-05','EC',1,1),(12034,'2019-05-05','EC',3,1),(12034,'2019-05-06','CC',1,1),(12034,'2019-05-06','CC',3,1),(12034,'2019-05-06','EC',1,1),(12034,'2019-05-06','EC',3,1),(12034,'2019-05-07','CC',1,1),(12034,'2019-05-07','CC',3,1),(12034,'2019-05-07','EC',1,1),(12034,'2019-05-07','EC',3,1),(12034,'2019-05-08','CC',1,1),(12034,'2019-05-08','CC',3,1),(12034,'2019-05-08','EC',1,1),(12034,'2019-05-08','EC',3,1),(12034,'2019-05-09','CC',1,1),(12034,'2019-05-09','CC',3,1),(12034,'2019-05-09','EC',1,1),(12034,'2019-05-09','EC',3,1),(12034,'2019-05-10','CC',1,1),(12034,'2019-05-10','CC',3,1),(12034,'2019-05-10','EC',1,1),(12034,'2019-05-10','EC',3,1),(12034,'2019-05-11','CC',1,1),(12034,'2019-05-11','CC',3,1),(12034,'2019-05-11','EC',1,1),(12034,'2019-05-11','EC',3,1),(12034,'2019-05-12','CC',1,1),(12034,'2019-05-12','CC',3,1),(12034,'2019-05-12','EC',1,1),(12034,'2019-05-12','EC',3,1),(12034,'2019-05-13','CC',1,1),(12034,'2019-05-13','CC',3,1),(12034,'2019-05-13','EC',1,1),(12034,'2019-05-13','EC',3,1),(12034,'2019-05-14','CC',1,1),(12034,'2019-05-14','CC',3,1),(12034,'2019-05-14','EC',1,1),(12034,'2019-05-14','EC',3,1),(12034,'2019-05-15','CC',1,1),(12034,'2019-05-15','CC',3,1),(12034,'2019-05-15','EC',1,1),(12034,'2019-05-15','EC',3,1),(12034,'2019-05-16','CC',1,1),(12034,'2019-05-16','CC',3,1),(12034,'2019-05-16','EC',1,1),(12034,'2019-05-16','EC',3,1),(12034,'2019-05-17','CC',1,1),(12034,'2019-05-17','CC',3,1),(12034,'2019-05-17','EC',1,1),(12034,'2019-05-17','EC',3,1),(12034,'2019-05-18','CC',1,1),(12034,'2019-05-18','CC',3,1),(12034,'2019-05-18','EC',1,1),(12034,'2019-05-18','EC',3,1),(12034,'2019-05-19','CC',1,1),(12034,'2019-05-19','CC',3,1),(12034,'2019-05-19','EC',1,1),(12034,'2019-05-19','EC',3,1),(12034,'2019-05-20','CC',1,1),(12034,'2019-05-20','CC',3,1),(12034,'2019-05-20','EC',1,1),(12034,'2019-05-20','EC',3,1),(12034,'2019-05-21','CC',1,1),(12034,'2019-05-21','CC',3,1),(12034,'2019-05-21','EC',1,1),(12034,'2019-05-21','EC',3,1),(12034,'2019-05-22','CC',1,1),(12034,'2019-05-22','CC',3,1),(12034,'2019-05-22','EC',1,1),(12034,'2019-05-22','EC',3,1),(12034,'2019-05-23','CC',1,1),(12034,'2019-05-23','CC',3,1),(12034,'2019-05-23','EC',1,1),(12034,'2019-05-23','EC',3,1),(12034,'2019-05-24','CC',1,1),(12034,'2019-05-24','CC',3,1),(12034,'2019-05-24','EC',1,1),(12034,'2019-05-24','EC',3,1),(12034,'2019-05-25','CC',1,1),(12034,'2019-05-25','CC',3,1),(12034,'2019-05-25','EC',1,1),(12034,'2019-05-25','EC',3,1),(12034,'2019-05-26','CC',1,1),(12034,'2019-05-26','CC',3,1),(12034,'2019-05-26','EC',1,1),(12034,'2019-05-26','EC',3,1),(12034,'2019-05-27','CC',1,1),(12034,'2019-05-27','CC',3,1),(12034,'2019-05-27','EC',1,1),(12034,'2019-05-27','EC',3,1),(12034,'2019-05-28','CC',1,1),(12034,'2019-05-28','CC',3,1),(12034,'2019-05-28','EC',1,1),(12034,'2019-05-28','EC',3,1),(12034,'2019-05-29','CC',1,1),(12034,'2019-05-29','CC',3,1),(12034,'2019-05-29','EC',1,1),(12034,'2019-05-29','EC',3,1),(12034,'2019-05-30','CC',1,1),(12034,'2019-05-30','CC',3,1),(12034,'2019-05-30','EC',1,1),(12034,'2019-05-30','EC',3,1),(12034,'2019-05-31','CC',1,1),(12034,'2019-05-31','CC',3,1),(12034,'2019-05-31','EC',1,1),(12034,'2019-05-31','EC',3,1),(12034,'2019-06-01','CC',1,1),(12034,'2019-06-01','CC',3,1),(12034,'2019-06-01','EC',1,1),(12034,'2019-06-01','EC',3,1),(12034,'2019-06-02','CC',1,1),(12034,'2019-06-02','CC',3,1),(12034,'2019-06-02','EC',1,1),(12034,'2019-06-02','EC',3,1),(12034,'2019-06-03','CC',1,1),(12034,'2019-06-03','CC',3,1),(12034,'2019-06-03','EC',1,1),(12034,'2019-06-03','EC',3,1),(12034,'2019-06-04','CC',1,1),(12034,'2019-06-04','CC',3,1),(12034,'2019-06-04','EC',1,1),(12034,'2019-06-04','EC',3,1),(12034,'2019-06-05','CC',1,1),(12034,'2019-06-05','CC',3,1),(12034,'2019-06-05','EC',1,1),(12034,'2019-06-05','EC',3,1),(12034,'2019-06-06','CC',1,1),(12034,'2019-06-06','CC',3,1),(12034,'2019-06-06','EC',1,1),(12034,'2019-06-06','EC',3,1),(12034,'2019-06-07','CC',1,1),(12034,'2019-06-07','CC',3,1),(12034,'2019-06-07','EC',1,1),(12034,'2019-06-07','EC',3,1),(12034,'2019-06-08','CC',1,1),(12034,'2019-06-08','CC',3,1),(12034,'2019-06-08','EC',1,1),(12034,'2019-06-08','EC',3,1),(12034,'2019-06-09','CC',1,1),(12034,'2019-06-09','CC',3,1),(12034,'2019-06-09','EC',1,1),(12034,'2019-06-09','EC',3,1),(12034,'2019-06-10','CC',1,1),(12034,'2019-06-10','CC',3,1),(12034,'2019-06-10','EC',1,1),(12034,'2019-06-10','EC',3,1),(12034,'2019-06-11','CC',1,1),(12034,'2019-06-11','CC',3,1),(12034,'2019-06-11','EC',1,1),(12034,'2019-06-11','EC',3,1),(12034,'2019-06-12','CC',1,1),(12034,'2019-06-12','CC',3,1),(12034,'2019-06-12','EC',1,1),(12034,'2019-06-12','EC',3,1),(12034,'2019-06-13','CC',1,1),(12034,'2019-06-13','CC',3,1),(12034,'2019-06-13','EC',1,1),(12034,'2019-06-13','EC',3,1),(12034,'2019-06-14','CC',1,1),(12034,'2019-06-14','CC',3,1),(12034,'2019-06-14','EC',1,1),(12034,'2019-06-14','EC',3,1),(12034,'2019-06-15','CC',1,1),(12034,'2019-06-15','CC',3,1),(12034,'2019-06-15','EC',1,1),(12034,'2019-06-15','EC',3,1),(12034,'2019-06-16','CC',1,1),(12034,'2019-06-16','CC',3,1),(12034,'2019-06-16','EC',1,1),(12034,'2019-06-16','EC',3,1),(12034,'2019-06-17','CC',1,1),(12034,'2019-06-17','CC',3,1),(12034,'2019-06-17','EC',1,1),(12034,'2019-06-17','EC',3,1),(12034,'2019-06-18','CC',1,1),(12034,'2019-06-18','CC',3,1),(12034,'2019-06-18','EC',1,1),(12034,'2019-06-18','EC',3,1),(12034,'2019-06-19','CC',1,1),(12034,'2019-06-19','CC',3,1),(12034,'2019-06-19','EC',1,1),(12034,'2019-06-19','EC',3,1),(12034,'2019-06-20','CC',1,1),(12034,'2019-06-20','CC',3,1),(12034,'2019-06-20','EC',1,1),(12034,'2019-06-20','EC',3,1),(12034,'2019-06-21','CC',1,1),(12034,'2019-06-21','CC',3,1),(12034,'2019-06-21','EC',1,1),(12034,'2019-06-21','EC',3,1),(12034,'2019-06-22','CC',1,1),(12034,'2019-06-22','CC',3,1),(12034,'2019-06-22','EC',1,1),(12034,'2019-06-22','EC',3,1),(12034,'2019-06-23','CC',1,1),(12034,'2019-06-23','CC',3,1),(12034,'2019-06-23','EC',1,1),(12034,'2019-06-23','EC',3,1),(12034,'2019-06-24','CC',1,1),(12034,'2019-06-24','CC',3,1),(12034,'2019-06-24','EC',1,1),(12034,'2019-06-24','EC',3,1),(12034,'2019-06-25','CC',1,1),(12034,'2019-06-25','CC',3,1),(12034,'2019-06-25','EC',1,1),(12034,'2019-06-25','EC',3,1),(12034,'2019-06-26','CC',1,1),(12034,'2019-06-26','CC',3,1),(12034,'2019-06-26','EC',1,1),(12034,'2019-06-26','EC',3,1),(12034,'2019-06-27','CC',1,1),(12034,'2019-06-27','CC',3,1),(12034,'2019-06-27','EC',1,1),(12034,'2019-06-27','EC',3,1),(12034,'2019-06-28','CC',1,1),(12034,'2019-06-28','CC',3,1),(12034,'2019-06-28','EC',1,1),(12034,'2019-06-28','EC',3,1),(12034,'2019-06-29','CC',1,1),(12034,'2019-06-29','CC',3,1),(12034,'2019-06-29','EC',1,1),(12034,'2019-06-29','EC',3,1),(12034,'2019-06-30','CC',1,1),(12034,'2019-06-30','CC',3,1),(12034,'2019-06-30','EC',1,1),(12034,'2019-06-30','EC',3,1),(12034,'2019-07-01','CC',1,1),(12034,'2019-07-01','CC',3,1),(12034,'2019-07-01','EC',1,1),(12034,'2019-07-01','EC',3,1),(12034,'2019-07-02','CC',1,1),(12034,'2019-07-02','CC',3,1),(12034,'2019-07-02','EC',1,1),(12034,'2019-07-02','EC',3,1),(12034,'2019-07-03','CC',1,1),(12034,'2019-07-03','CC',3,1),(12034,'2019-07-03','EC',1,1),(12034,'2019-07-03','EC',3,1),(12034,'2019-07-04','CC',1,1),(12034,'2019-07-04','CC',3,1),(12034,'2019-07-04','EC',1,1),(12034,'2019-07-04','EC',3,1),(12034,'2019-07-05','CC',1,1),(12034,'2019-07-05','CC',3,1),(12034,'2019-07-05','EC',1,1),(12034,'2019-07-05','EC',3,1),(12034,'2019-07-06','CC',1,1),(12034,'2019-07-06','CC',3,1),(12034,'2019-07-06','EC',1,1),(12034,'2019-07-06','EC',3,1),(12034,'2019-07-07','CC',1,1),(12034,'2019-07-07','CC',3,1),(12034,'2019-07-07','EC',1,1),(12034,'2019-07-07','EC',3,1),(12034,'2019-07-08','CC',1,1),(12034,'2019-07-08','CC',3,1),(12034,'2019-07-08','EC',1,1),(12034,'2019-07-08','EC',3,1),(12034,'2019-07-09','CC',1,1),(12034,'2019-07-09','CC',3,1),(12034,'2019-07-09','EC',1,1),(12034,'2019-07-09','EC',3,1),(12034,'2019-07-10','CC',1,1),(12034,'2019-07-10','CC',3,1),(12034,'2019-07-10','EC',1,1),(12034,'2019-07-10','EC',3,1),(12034,'2019-07-11','CC',1,1),(12034,'2019-07-11','CC',3,1),(12034,'2019-07-11','EC',1,1),(12034,'2019-07-11','EC',3,1),(12034,'2019-07-12','CC',1,1),(12034,'2019-07-12','CC',3,1),(12034,'2019-07-12','EC',1,1),(12034,'2019-07-12','EC',3,1),(12034,'2019-07-13','CC',1,1),(12034,'2019-07-13','CC',3,1),(12034,'2019-07-13','EC',1,1),(12034,'2019-07-13','EC',3,1),(12034,'2019-07-14','CC',1,1),(12034,'2019-07-14','CC',3,1),(12034,'2019-07-14','EC',1,1),(12034,'2019-07-14','EC',3,1),(12034,'2019-07-15','CC',1,1),(12034,'2019-07-15','CC',3,1),(12034,'2019-07-15','EC',1,1),(12034,'2019-07-15','EC',3,1),(12034,'2019-07-16','CC',1,1),(12034,'2019-07-16','CC',3,1),(12034,'2019-07-16','EC',1,1),(12034,'2019-07-16','EC',3,1),(12034,'2019-07-17','CC',1,1),(12034,'2019-07-17','CC',3,1),(12034,'2019-07-17','EC',1,1),(12034,'2019-07-17','EC',3,1);
/*!40000 ALTER TABLE `TICKET_AVAILABLITY` ENABLE KEYS */;
UNLOCK TABLES;

--
-- Table structure for table `TRAIN_DELAY`
--

DROP TABLE IF EXISTS `TRAIN_DELAY`;
/*!40101 SET @saved_cs_client     = @@character_set_client */;
/*!40101 SET character_set_client = utf8 */;
CREATE TABLE `TRAIN_DELAY` (
  `Train_no` int(11) NOT NULL,
  `Station_no` int(11) NOT NULL,
  `Last_delay_mins` int(11) DEFAULT NULL,
  `Sec_delay_mins` int(11) DEFAULT NULL,
  `Third_delay_mins` int(11) DEFAULT NULL,
  `Avg_delay_mins` int(11) DEFAULT NULL,
  PRIMARY KEY (`Train_no`,`Station_no`),
  KEY `Station_no` (`Station_no`),
  CONSTRAINT `TRAIN_DELAY_ibfk_1` FOREIGN KEY (`Station_no`) REFERENCES `STATIONS` (`Station_no`) ON DELETE CASCADE ON UPDATE CASCADE,
  CONSTRAINT `TRAIN_DELAY_ibfk_2` FOREIGN KEY (`Train_no`) REFERENCES `TRAIN_INFO` (`Train_no`) ON DELETE CASCADE ON UPDATE CASCADE
) ENGINE=InnoDB DEFAULT CHARSET=latin1;
/*!40101 SET character_set_client = @saved_cs_client */;

--
-- Dumping data for table `TRAIN_DELAY`
--

LOCK TABLES `TRAIN_DELAY` WRITE;
/*!40000 ALTER TABLE `TRAIN_DELAY` DISABLE KEYS */;
/*!40000 ALTER TABLE `TRAIN_DELAY` ENABLE KEYS */;
UNLOCK TABLES;

--
-- Table structure for table `TRAIN_INFO`
--

DROP TABLE IF EXISTS `TRAIN_INFO`;
/*!40101 SET @saved_cs_client     = @@character_set_client */;
/*!40101 SET character_set_client = utf8 */;
CREATE TABLE `TRAIN_INFO` (
  `Train_no` int(11) NOT NULL,
  `Train_name` varchar(30) DEFAULT NULL,
  `Source_station_no` int(11) DEFAULT NULL,
  `Destination_station_no` int(11) DEFAULT NULL,
  `Distance` int(11) DEFAULT NULL,
  `Monday_avail` tinyint(1) DEFAULT NULL,
  `Tuesday_avail` tinyint(1) DEFAULT NULL,
  `Wednesday_avail` tinyint(1) DEFAULT NULL,
  `Thursday_avail` tinyint(1) DEFAULT NULL,
  `Friday_avail` tinyint(1) DEFAULT NULL,
  `Saturday_avail` tinyint(1) DEFAULT NULL,
  `Sunday_avail` tinyint(1) DEFAULT NULL,
  `Track_type` varchar(30) DEFAULT NULL,
  PRIMARY KEY (`Train_no`),
  KEY `Source_station_no` (`Source_station_no`),
  KEY `Destination_station_no` (`Destination_station_no`),
  CONSTRAINT `TRAIN_INFO_ibfk_1` FOREIGN KEY (`Source_station_no`) REFERENCES `STATIONS` (`Station_no`) ON DELETE CASCADE ON UPDATE CASCADE,
  CONSTRAINT `TRAIN_INFO_ibfk_2` FOREIGN KEY (`Destination_station_no`) REFERENCES `STATIONS` (`Station_no`) ON DELETE CASCADE ON UPDATE CASCADE
) ENGINE=InnoDB DEFAULT CHARSET=latin1;
/*!40101 SET character_set_client = @saved_cs_client */;

--
-- Dumping data for table `TRAIN_INFO`
--

LOCK TABLES `TRAIN_INFO` WRITE;
/*!40000 ALTER TABLE `TRAIN_INFO` DISABLE KEYS */;
INSERT INTO `TRAIN_INFO` VALUES (12003,'Shatabdi',4,1,500,1,1,0,1,1,1,1,'Broad_gauge'),(12004,'Shatabdi',1,4,500,1,1,1,1,1,1,1,'Broad_gauge'),(12034,'Shatabdi',3,1,450,1,1,1,1,1,1,1,'Broad_gauge');
/*!40000 ALTER TABLE `TRAIN_INFO` ENABLE KEYS */;
UNLOCK TABLES;

--
-- Table structure for table `TRAIN_SCHEDULE`
--

DROP TABLE IF EXISTS `TRAIN_SCHEDULE`;
/*!40101 SET @saved_cs_client     = @@character_set_client */;
/*!40101 SET character_set_client = utf8 */;
CREATE TABLE `TRAIN_SCHEDULE` (
  `Train_no` int(11) NOT NULL,
  `Coach_Type` varchar(10) NOT NULL,
  `price` int(11) DEFAULT NULL,
  `no_of_coaches` int(11) DEFAULT NULL,
  PRIMARY KEY (`Train_no`,`Coach_Type`),
  CONSTRAINT `TRAIN_SCHEDULE_ibfk_1` FOREIGN KEY (`Train_no`) REFERENCES `TRAIN_INFO` (`Train_no`) ON DELETE CASCADE ON UPDATE CASCADE
) ENGINE=InnoDB DEFAULT CHARSET=latin1;
/*!40101 SET character_set_client = @saved_cs_client */;

--
-- Dumping data for table `TRAIN_SCHEDULE`
--

LOCK TABLES `TRAIN_SCHEDULE` WRITE;
/*!40000 ALTER TABLE `TRAIN_SCHEDULE` DISABLE KEYS */;
INSERT INTO `TRAIN_SCHEDULE` VALUES (12003,'CC',3,1),(12003,'EC',3,1),(12004,'CC',3,1),(12004,'EC',3,1),(12034,'CC',3,1),(12034,'EC',3,1);
/*!40000 ALTER TABLE `TRAIN_SCHEDULE` ENABLE KEYS */;
UNLOCK TABLES;

--
-- Table structure for table `login_attempts`
--

DROP TABLE IF EXISTS `login_attempts`;
/*!40101 SET @saved_cs_client     = @@character_set_client */;
/*!40101 SET character_set_client = utf8 */;
CREATE TABLE `login_attempts` (
  `user_id` int(11) NOT NULL,
  `time` varchar(30) NOT NULL
) ENGINE=InnoDB DEFAULT CHARSET=latin1;
/*!40101 SET character_set_client = @saved_cs_client */;

--
-- Dumping data for table `login_attempts`
--

LOCK TABLES `login_attempts` WRITE;
/*!40000 ALTER TABLE `login_attempts` DISABLE KEYS */;
INSERT INTO `login_attempts` VALUES (1,'1385995353'),(1,'1386011064');
/*!40000 ALTER TABLE `login_attempts` ENABLE KEYS */;
UNLOCK TABLES;

--
-- Table structure for table `members`
--

DROP TABLE IF EXISTS `members`;
/*!40101 SET @saved_cs_client     = @@character_set_client */;
/*!40101 SET character_set_client = utf8 */;
CREATE TABLE `members` (
  `id` int(11) NOT NULL AUTO_INCREMENT,
  `username` varchar(30) NOT NULL,
  `email` varchar(50) NOT NULL,
  `password` char(128) NOT NULL,
  `salt` char(128) NOT NULL,
  PRIMARY KEY (`id`)
) ENGINE=InnoDB AUTO_INCREMENT=3 DEFAULT CHARSET=latin1;
/*!40101 SET character_set_client = @saved_cs_client */;

--
-- Dumping data for table `members`
--

LOCK TABLES `members` WRITE;
/*!40000 ALTER TABLE `members` DISABLE KEYS */;
INSERT INTO `members` VALUES (1,'test_user','test@example.com','00807432eae173f652f2064bdca1b61b290b52d40e429a7d295d76a71084aa96c0233b82f1feac45529e0726559645acaed6f3ae58a286b9f075916ebf66cacc','f9aab579fc1b41ed0c44fe4ecdbfcdb4cb99b9023abb241a6db833288f4eea3c02f76e0d35204a8695077dcf81932aa59006423976224be0390395bae152d4ef'),(2,'raghavgg','rag@pa.com','96fb311dafc9bd0184a553e14be4a8d0623f69367386cf7ea181f10775bbd6665e1a71f2502b32ca11c20b4fb3552f1583809944b142c8645ffceb0f43c9f7fd','7e0d3d4ecd2f6ffaa27f2f60d0b6807b726d23e80fba997a90ade6a6d2a7bceb1661732dce86c87bfd05f128217d82e83a0e2222bd6d5b7df24be59c0223f893');
/*!40000 ALTER TABLE `members` ENABLE KEYS */;
UNLOCK TABLES;
/*!40103 SET TIME_ZONE=@OLD_TIME_ZONE */;

/*!40101 SET SQL_MODE=@OLD_SQL_MODE */;
/*!40014 SET FOREIGN_KEY_CHECKS=@OLD_FOREIGN_KEY_CHECKS */;
/*!40014 SET UNIQUE_CHECKS=@OLD_UNIQUE_CHECKS */;
/*!40101 SET CHARACTER_SET_CLIENT=@OLD_CHARACTER_SET_CLIENT */;
/*!40101 SET CHARACTER_SET_RESULTS=@OLD_CHARACTER_SET_RESULTS */;
/*!40101 SET COLLATION_CONNECTION=@OLD_COLLATION_CONNECTION */;
/*!40111 SET SQL_NOTES=@OLD_SQL_NOTES */;

-- Dump completed on 2019-04-18 18:52:31
